;BA;SPXT
03.01.2006;70.44;1918.96
04.01.2006;71.17;1926.39
05.01.2006;70.33;1926.44
06.01.2006;69.35;1945.02
09.01.2006;68.77;1952.13
10.01.2006;69.10;1951.53
11.01.2006;70.10;1958.56
12.01.2006;69.69;1946.28
13.01.2006;69.48;1948.64
17.01.2006;68.69;1941.57
18.01.2006;68.33;1934.21
19.01.2006;68.17;1944.98
20.01.2006;66.50;1909.35
23.01.2006;67.02;1912.91
24.01.2006;67.66;1917.54
25.01.2006;66.91;1914.28
26.01.2006;68.72;1928.17
27.01.2006;68.56;1943.34
30.01.2006;69.03;1945.66
31.01.2006;68.31;1937.93
01.02.2006;71.62;1941.75
02.02.2006;71.70;1924.67
03.02.2006;70.87;1914.50
06.02.2006;71.14;1916.04
07.02.2006;71.55;1900.58
08.02.2006;71.76;1917.84
09.02.2006;72.01;1915.10
10.02.2006;72.53;1920.00
13.02.2006;72.11;1914.02
14.02.2006;72.71;1933.46
15.02.2006;72.45;1940.68
16.02.2006;72.55;1955.06
17.02.2006;72.96;1951.83
21.02.2006;73.05;1945.45
22.02.2006;74.39;1960.26
23.02.2006;73.90;1953.37
24.02.2006;74.31;1956.13
27.02.2006;74.13;1963.58
28.02.2006;72.69;1943.19
01.03.2006;72.95;1959.77
02.03.2006;72.80;1956.60
03.03.2006;73.39;1953.74
06.03.2006;72.63;1940.20
07.03.2006;73.16;1936.68
08.03.2006;72.82;1941.17
09.03.2006;73.76;1931.73
10.03.2006;74.79;1945.92
13.03.2006;74.84;1950.39
14.03.2006;75.45;1970.65
15.03.2006;76.05;1979.21
16.03.2006;76.73;1982.76
17.03.2006;77.85;1985.69
20.03.2006;78.18;1982.40
21.03.2006;78.26;1970.50
22.03.2006;78.61;1982.40
23.03.2006;77.90;1977.29
24.03.2006;78.73;1979.23
27.03.2006;78.39;1977.19
28.03.2006;77.51;1964.47
29.03.2006;79.18;1979.51
30.03.2006;78.42;1975.60
31.03.2006;77.93;1967.38
03.04.2006;78.01;1971.92
04.04.2006;78.60;1984.47
05.04.2006;79.11;1993.21
06.04.2006;79.82;1989.87
07.04.2006;79.57;1969.30
10.04.2006;80.79;1971.03
11.04.2006;80.57;1956.12
12.04.2006;83.21;1958.49
13.04.2006;82.93;1960.01
17.04.2006;82.35;1954.25
18.04.2006;83.30;1988.18
19.04.2006;84.96;1991.84
20.04.2006;85.50;1994.23
21.04.2006;86.46;1993.99
24.04.2006;86.10;1989.20
25.04.2006;85.11;1979.51
26.04.2006;84.91;1985.29
27.04.2006;84.10;1992.39
28.04.2006;83.45;1993.79
01.05.2006;83.86;1985.55
02.05.2006;85.33;1997.75
03.05.2006;85.87;1989.97
04.05.2006;86.64;1996.74
05.05.2006;88.47;2017.34
08.05.2006;87.59;2015.84
09.05.2006;87.99;2016.60
10.05.2006;88.94;2013.99
11.05.2006;88.21;1988.56
12.05.2006;87.01;1966.27
15.05.2006;85.86;1971.45
16.05.2006;86.40;1967.79
17.05.2006;83.77;1935.18
18.05.2006;82.73;1922.32
19.05.2006;84.61;1930.27
22.05.2006;85.71;1922.72
23.05.2006;85.15;1914.38
24.05.2006;82.38;1917.48
25.05.2006;82.99;1939.52
26.05.2006;83.50;1950.87
30.05.2006;82.13;1920.09
31.05.2006;83.25;1936.41
01.06.2006;83.64;1960.28
02.06.2006;83.80;1964.11
05.06.2006;82.13;1929.23
06.06.2006;80.65;1927.13
07.06.2006;81.46;1915.77
08.06.2006;81.19;1918.59
09.06.2006;80.50;1910.01
12.06.2006;77.88;1885.81
13.06.2006;76.98;1866.92
14.06.2006;82.01;1876.67
15.06.2006;84.81;1916.56
16.06.2006;85.54;1909.52
19.06.2006;84.76;1892.12
20.06.2006;84.85;1892.13
21.06.2006;85.85;1910.62
22.06.2006;84.06;1900.98
23.06.2006;83.39;1899.32
26.06.2006;83.89;1908.56
27.06.2006;81.93;1891.24
28.06.2006;82.64;1901.98
29.06.2006;83.00;1943.09
30.06.2006;81.91;1939.03
03.07.2006;81.30;1954.49
05.07.2006;80.17;1940.55
06.07.2006;80.81;1945.90
07.07.2006;79.99;1932.75
10.07.2006;80.35;1935.62
11.07.2006;81.63;1943.66
12.07.2006;80.92;1922.62
13.07.2006;79.59;1897.73
14.07.2006;77.25;1888.43
17.07.2006;78.95;1885.82
18.07.2006;79.17;1889.48
19.07.2006;82.29;1924.74
20.07.2006;80.69;1908.42
21.07.2006;79.08;1894.94
24.07.2006;81.44;1926.50
25.07.2006;83.75;1938.67
26.07.2006;79.90;1937.96
27.07.2006;78.71;1930.32
28.07.2006;78.91;1953.86
31.07.2006;77.42;1951.00
01.08.2006;78.17;1942.22
02.08.2006;78.62;1954.18
03.08.2006;79.40;1957.41
04.08.2006;79.49;1956.05
07.08.2006;79.75;1950.63
08.08.2006;78.15;1944.22
09.08.2006;77.16;1936.30
10.08.2006;76.20;1945.61
11.08.2006;75.96;1938.13
14.08.2006;75.39;1940.50
15.08.2006;76.58;1967.26
16.08.2006;78.83;1982.81
17.08.2006;78.59;1986.04
18.08.2006;77.62;1993.43
21.08.2006;76.63;1986.11
22.08.2006;76.95;1988.10
23.08.2006;76.36;1979.35
24.08.2006;75.24;1984.09
25.08.2006;73.93;1982.81
28.08.2006;74.72;1993.06
29.08.2006;73.78;1997.20
30.08.2006;75.02;1998.08
31.08.2006;74.90;1997.41
01.09.2006;75.43;2008.47
05.09.2006;75.36;2012.00
06.09.2006;74.44;1992.42
07.09.2006;72.87;1982.93
08.09.2006;72.80;1990.44
11.09.2006;73.82;1991.49
12.09.2006;74.26;2012.32
13.09.2006;76.32;2020.49
14.09.2006;75.01;2017.86
15.09.2006;75.01;2023.35
18.09.2006;75.21;2025.39
19.09.2006;74.87;2021.01
20.09.2006;76.19;2031.59
21.09.2006;76.11;2021.08
22.09.2006;77.25;2016.09
25.09.2006;77.71;2033.87
26.09.2006;79.00;2049.20
27.09.2006;79.41;2049.97
28.09.2006;79.28;2053.93
29.09.2006;78.85;2048.89
02.10.2006;79.97;2041.99
03.10.2006;81.78;2046.28
04.10.2006;83.96;2071.45
05.10.2006;83.62;2076.63
06.10.2006;83.68;2071.05
09.10.2006;82.65;2072.71
10.10.2006;82.13;2077.01
11.10.2006;81.64;2071.90
12.10.2006;83.64;2091.68
13.10.2006;82.39;2095.97
16.10.2006;82.66;2101.26
17.10.2006;82.29;2093.58
18.10.2006;82.74;2096.71
19.10.2006;82.41;2098.32
20.10.2006;81.74;2100.86
23.10.2006;82.80;2113.82
24.10.2006;83.59;2114.36
25.10.2006;80.86;2121.83
26.10.2006;79.14;2132.39
27.10.2006;79.74;2114.65
30.10.2006;80.22;2115.63
31.10.2006;79.86;2115.65
01.11.2006;80.06;2100.36
02.11.2006;79.20;2100.21
03.11.2006;79.97;2095.68
06.11.2006;80.48;2119.53
07.11.2006;84.85;2124.28
08.11.2006;85.45;2129.22
09.11.2006;85.11;2118.32
10.11.2006;85.62;2122.26
13.11.2006;85.69;2128.17
14.11.2006;85.74;2141.95
15.11.2006;87.08;2147.60
16.11.2006;88.71;2152.57
17.11.2006;89.52;2154.80
20.11.2006;89.12;2153.76
21.11.2006;91.10;2157.42
22.11.2006;90.10;2162.65
24.11.2006;89.77;2154.96
27.11.2006;87.37;2125.67
28.11.2006;87.94;2133.52
29.11.2006;88.89;2154.09
30.11.2006;88.53;2155.89
01.12.2006;89.55;2149.85
04.12.2006;89.58;2169.00
05.12.2006;90.73;2177.75
06.12.2006;90.83;2175.45
07.12.2006;90.01;2166.87
08.12.2006;90.13;2170.84
11.12.2006;89.78;2175.80
12.12.2006;90.31;2173.58
13.12.2006;89.60;2176.52
14.12.2006;89.93;2195.59
15.12.2006;90.70;2198.07
18.12.2006;89.56;2190.97
19.12.2006;90.17;2195.80
20.12.2006;90.10;2192.76
21.12.2006;89.94;2185.21
22.12.2006;88.76;2173.90
26.12.2006;88.79;2183.38
27.12.2006;88.88;2199.15
28.12.2006;89.00;2196.00
29.12.2006;88.84;2186.13
03.01.2007;89.17;2183.92
04.01.2007;89.53;2186.60
05.01.2007;89.15;2173.29
08.01.2007;88.94;2178.80
09.01.2007;88.00;2177.68
10.01.2007;89.27;2182.16
11.01.2007;88.84;2196.02
12.01.2007;88.13;2206.68
16.01.2007;88.00;2208.48
17.01.2007;88.83;2206.70
18.01.2007;88.00;2200.20
19.01.2007;88.63;2206.60
22.01.2007;85.60;2195.00
23.01.2007;87.36;2202.77
24.01.2007;87.60;2221.56
25.01.2007;86.16;2196.54
26.01.2007;85.43;2193.89
29.01.2007;85.50;2191.71
30.01.2007;86.00;2204.40
31.01.2007;89.56;2219.19
01.02.2007;91.05;2231.61
02.02.2007;90.05;2235.39
05.02.2007;90.72;2233.44
06.02.2007;90.98;2235.02
07.02.2007;90.35;2239.05
08.02.2007;89.52;2236.46
09.02.2007;90.00;2220.72
12.02.2007;89.20;2213.58
13.02.2007;89.29;2230.80
14.02.2007;89.94;2248.40
15.02.2007;91.71;2250.97
16.02.2007;90.94;2249.06
20.02.2007;91.03;2255.48
21.02.2007;90.96;2252.43
22.02.2007;90.58;2251.03
23.02.2007;90.28;2243.26
26.02.2007;88.93;2240.73
27.02.2007;87.20;2163.11
28.02.2007;87.26;2175.78
01.03.2007;87.85;2170.17
02.03.2007;87.03;2145.43
05.03.2007;87.02;2125.34
06.03.2007;87.82;2158.36
07.03.2007;88.71;2153.65
08.03.2007;88.89;2169.14
09.03.2007;89.51;2170.62
12.03.2007;91.20;2176.50
13.03.2007;89.45;2132.76
14.03.2007;89.98;2147.18
15.03.2007;91.04;2155.18
16.03.2007;90.00;2146.93
19.03.2007;90.32;2170.33
20.03.2007;90.16;2184.10
21.03.2007;90.80;2221.46
22.03.2007;90.57;2220.68
23.03.2007;90.98;2223.12
26.03.2007;90.83;2225.26
27.03.2007;90.52;2211.52
28.03.2007;89.45;2194.38
29.03.2007;89.76;2202.68
30.03.2007;88.91;2200.12
02.04.2007;88.83;2205.85
03.04.2007;89.90;2226.76
04.04.2007;90.27;2229.26
05.04.2007;90.50;2236.71
09.04.2007;90.03;2238.03
10.04.2007;90.84;2243.93
11.04.2007;89.97;2229.44
12.04.2007;90.85;2243.30
13.04.2007;91.03;2251.12
16.04.2007;90.31;2275.35
17.04.2007;90.45;2280.01
18.04.2007;93.88;2281.61
19.04.2007;92.99;2278.91
20.04.2007;93.29;2300.08
23.04.2007;93.64;2294.82
24.04.2007;93.67;2294.02
25.04.2007;94.69;2317.50
26.04.2007;94.26;2315.91
27.04.2007;94.02;2315.70
30.04.2007;93.00;2297.57
01.05.2007;93.23;2303.68
02.05.2007;93.83;2318.84
03.05.2007;93.85;2329.54
04.05.2007;93.61;2334.61
07.05.2007;94.56;2340.68
08.05.2007;94.21;2338.14
09.05.2007;94.08;2346.30
10.05.2007;92.80;2313.94
11.05.2007;93.40;2336.48
14.05.2007;93.56;2332.43
15.05.2007;94.34;2329.61
16.05.2007;95.34;2350.40
17.05.2007;96.79;2348.44
18.05.2007;96.63;2363.97
21.05.2007;96.90;2367.63
22.05.2007;96.48;2366.10
23.05.2007;95.57;2363.29
24.05.2007;97.42;2340.64
25.05.2007;98.25;2353.42
29.05.2007;98.50;2357.39
30.05.2007;100.55;2377.09
31.05.2007;100.59;2377.75
01.06.2007;99.83;2386.63
04.06.2007;99.98;2391.13
05.06.2007;99.50;2378.44
06.06.2007;98.29;2357.95
07.06.2007;96.84;2316.63
08.06.2007;98.19;2342.98
11.06.2007;97.55;2345.27
12.06.2007;96.48;2320.22
13.06.2007;98.47;2356.02
14.06.2007;98.97;2367.52
15.06.2007;98.15;2382.97
18.06.2007;97.40;2380.09
19.06.2007;96.92;2384.26
20.06.2007;96.08;2351.87
21.06.2007;97.20;2366.92
22.06.2007;95.92;2336.41
25.06.2007;95.57;2328.91
26.06.2007;94.98;2321.46
27.06.2007;94.65;2342.84
28.06.2007;95.16;2341.90
29.06.2007;96.16;2338.25
02.07.2007;96.77;2363.28
03.07.2007;97.65;2372.22
05.07.2007;98.36;2373.07
06.07.2007;98.88;2381.59
09.07.2007;99.90;2383.80
10.07.2007;100.25;2349.98
11.07.2007;100.12;2363.72
12.07.2007;100.78;2408.79
13.07.2007;101.88;2416.28
16.07.2007;102.07;2411.65
17.07.2007;102.05;2411.41
18.07.2007;101.82;2406.69
19.07.2007;102.48;2417.50
20.07.2007;103.86;2387.96
23.07.2007;104.04;2399.64
24.07.2007;103.80;2352.12
25.07.2007;107.23;2363.12
26.07.2007;103.70;2307.98
27.07.2007;103.71;2271.41
30.07.2007;105.54;2294.75
31.07.2007;103.43;2265.75
01.08.2007;104.53;2282.30
02.08.2007;105.93;2292.79
03.08.2007;104.24;2231.98
06.08.2007;104.34;2285.93
07.08.2007;103.22;2300.09
08.08.2007;102.72;2333.24
09.08.2007;98.30;2264.50
10.08.2007;98.44;2265.36
13.08.2007;100.05;2264.57
14.08.2007;97.63;2223.70
15.08.2007;95.51;2193.39
16.08.2007;92.74;2200.61
17.08.2007;95.93;2254.68
20.08.2007;97.21;2254.07
21.08.2007;96.95;2256.53
22.08.2007;97.99;2283.09
23.08.2007;96.74;2280.68
24.08.2007;98.47;2307.22
27.08.2007;98.54;2287.62
28.08.2007;95.65;2234.03
29.08.2007;96.90;2283.58
30.08.2007;96.85;2274.16
31.08.2007;96.70;2299.71
04.09.2007;95.92;2323.82
05.09.2007;95.84;2298.16
06.09.2007;96.20;2308.34
07.09.2007;94.84;2269.32
10.09.2007;95.33;2266.51
11.09.2007;97.44;2297.41
12.09.2007;98.32;2298.14
13.09.2007;98.95;2317.63
14.09.2007;99.35;2318.11
17.09.2007;98.64;2306.25
18.09.2007;98.47;2373.63
19.09.2007;100.02;2388.15
20.09.2007;101.25;2372.61
21.09.2007;102.59;2383.55
24.09.2007;103.05;2371.03
25.09.2007;104.93;2370.26
26.09.2007;104.45;2383.53
27.09.2007;105.46;2392.92
28.09.2007;104.99;2385.72
01.10.2007;106.65;2417.44
02.10.2007;105.93;2416.83
03.10.2007;104.72;2406.30
04.10.2007;104.50;2411.41
05.10.2007;102.25;2435.16
08.10.2007;101.07;2427.33
09.10.2007;101.45;2447.03
10.10.2007;98.68;2443.02
11.10.2007;96.26;2430.55
12.10.2007;96.69;2442.12
15.10.2007;94.83;2421.67
16.10.2007;95.94;2405.76
17.10.2007;95.59;2410.22
18.10.2007;96.94;2408.46
19.10.2007;93.90;2346.78
22.10.2007;94.93;2355.74
23.10.2007;94.95;2376.47
24.10.2007;94.26;2370.71
25.10.2007;96.00;2368.43
26.10.2007;96.02;2401.07
29.10.2007;96.99;2410.33
30.10.2007;97.33;2394.81
31.10.2007;98.59;2423.67
01.11.2007;96.60;2360.21
02.11.2007;97.76;2362.21
05.11.2007;97.97;2350.69
06.11.2007;97.70;2379.05
07.11.2007;96.89;2310.41
08.11.2007;96.28;2309.18
09.11.2007;94.21;2276.26
12.11.2007;92.86;2253.53
13.11.2007;93.70;2319.86
14.11.2007;92.79;2304.06
15.11.2007;91.34;2273.73
16.11.2007;89.99;2285.67
19.11.2007;88.27;2245.81
20.11.2007;87.86;2256.01
21.11.2007;87.41;2220.21
23.11.2007;89.54;2257.95
26.11.2007;89.93;2205.49
27.11.2007;91.73;2238.52
28.11.2007;93.61;2303.17
29.11.2007;93.21;2304.43
30.11.2007;92.54;2322.34
03.12.2007;91.79;2308.74
04.12.2007;89.99;2293.66
05.12.2007;90.70;2329.71
06.12.2007;91.78;2364.97
07.12.2007;93.16;2360.79
10.12.2007;92.64;2378.60
11.12.2007;88.70;2318.51
12.12.2007;86.92;2332.85
13.12.2007;88.55;2335.79
14.12.2007;88.42;2303.79
17.12.2007;87.40;2269.24
18.12.2007;87.17;2283.50
19.12.2007;86.62;2280.47
20.12.2007;87.19;2292.23
21.12.2007;89.07;2330.81
24.12.2007;90.02;2349.66
26.12.2007;90.00;2351.60
27.12.2007;88.88;2318.72
28.12.2007;88.25;2322.11
31.12.2007;87.46;2306.23
02.01.2008;86.62;2273.41
03.01.2008;86.98;2273.41
04.01.2008;85.82;2217.59
07.01.2008;82.87;2224.76
08.01.2008;79.91;2184.67
09.01.2008;80.30;2214.60
10.01.2008;82.36;2232.24
11.01.2008;80.52;2202.03
14.01.2008;81.67;2225.98
15.01.2008;77.86;2170.51
16.01.2008;79.87;2158.57
17.01.2008;79.52;2095.86
18.01.2008;78.40;2083.24
22.01.2008;77.60;2060.15
23.01.2008;76.57;2104.37
24.01.2008;77.62;2125.61
25.01.2008;77.03;2091.88
28.01.2008;77.60;2128.64
29.01.2008;80.96;2141.85
30.01.2008;82.87;2131.78
31.01.2008;83.18;2167.90
01.02.2008;82.76;2194.43
04.02.2008;82.90;2171.51
05.02.2008;81.69;2102.23
06.02.2008;79.91;2087.05
07.02.2008;79.75;2104.02
08.02.2008;79.33;2095.21
11.02.2008;81.13;2107.65
12.02.2008;83.56;2123.06
13.02.2008;85.48;2152.76
14.02.2008;85.22;2123.94
15.02.2008;85.18;2125.85
19.02.2008;85.37;2124.12
20.02.2008;84.00;2141.95
21.02.2008;82.01;2115.13
22.02.2008;83.04;2132.02
25.02.2008;84.66;2161.51
26.02.2008;84.57;2176.48
27.02.2008;83.95;2175.00
28.02.2008;84.80;2155.80
29.02.2008;82.79;2097.47
03.03.2008;80.67;2098.64
04.03.2008;79.62;2091.42
05.03.2008;80.71;2103.42
06.03.2008;79.51;2057.44
07.03.2008;76.60;2040.17
10.03.2008;74.38;2008.71
11.03.2008;73.40;2083.36
12.03.2008;72.45;2065.21
13.03.2008;74.18;2075.88
14.03.2008;76.23;2032.79
17.03.2008;75.49;2014.88
18.03.2008;76.53;2100.38
19.03.2008;73.45;2049.39
20.03.2008;74.80;2098.46
24.03.2008;76.29;2130.62
25.03.2008;75.90;2135.54
26.03.2008;76.30;2116.93
27.03.2008;74.22;2093.11
28.03.2008;73.47;2076.56
31.03.2008;74.37;2088.42
01.04.2008;75.88;2163.38
02.04.2008;76.85;2159.63
03.04.2008;76.14;2162.46
04.04.2008;75.65;2164.21
07.04.2008;74.98;2167.61
08.04.2008;75.02;2157.28
09.04.2008;78.60;2139.99
10.04.2008;78.43;2149.67
11.04.2008;76.86;2106.01
14.04.2008;77.22;2098.91
15.04.2008;75.70;2108.59
16.04.2008;76.67;2156.67
17.04.2008;76.91;2158.08
18.04.2008;78.66;2197.24
21.04.2008;79.09;2193.87
22.04.2008;78.56;2174.59
23.04.2008;82.09;2180.91
24.04.2008;83.00;2194.96
25.04.2008;84.84;2209.25
28.04.2008;84.98;2207.02
29.04.2008;85.53;2198.50
30.04.2008;84.86;2190.13
01.05.2008;85.41;2228.09
02.05.2008;85.69;2235.30
05.05.2008;85.92;2225.37
06.05.2008;86.15;2242.47
07.05.2008;84.55;2202.77
08.05.2008;84.76;2210.95
09.05.2008;84.06;2196.54
12.05.2008;84.80;2220.81
13.05.2008;85.08;2220.46
14.05.2008;85.69;2229.74
15.05.2008;85.55;2253.76
16.05.2008;85.17;2256.64
19.05.2008;87.07;2258.74
20.05.2008;85.14;2237.79
21.05.2008;81.19;2202.02
22.05.2008;81.41;2208.20
23.05.2008;81.48;2179.05
27.05.2008;82.87;2193.98
28.05.2008;82.13;2203.10
29.05.2008;82.11;2215.12
30.05.2008;82.77;2218.50
02.06.2008;81.15;2195.27
03.06.2008;78.12;2182.65
04.06.2008;78.02;2183.01
05.06.2008;77.31;2225.74
06.06.2008;73.16;2157.24
09.06.2008;73.95;2159.03
10.06.2008;73.67;2153.77
11.06.2008;73.31;2117.84
12.06.2008;74.12;2124.94
13.06.2008;75.12;2156.96
16.06.2008;75.02;2157.14
17.06.2008;74.38;2142.55
18.06.2008;74.65;2121.78
19.06.2008;76.95;2130.30
20.06.2008;75.83;2090.82
23.06.2008;75.59;2090.94
24.06.2008;74.79;2085.08
25.06.2008;69.64;2097.36
26.06.2008;68.21;2036.40
27.06.2008;66.92;2028.89
30.06.2008;65.72;2031.47
01.07.2008;65.45;2039.66
02.07.2008;63.90;2002.64
03.07.2008;64.47;2004.87
07.07.2008;64.29;1988.09
08.07.2008;65.92;2022.83
09.07.2008;65.59;1976.96
10.07.2008;65.99;1990.78
11.07.2008;63.28;1968.86
14.07.2008;63.19;1951.08
15.07.2008;63.88;1929.85
16.07.2008;65.58;1978.47
17.07.2008;66.92;2002.30
18.07.2008;68.14;2002.88
21.07.2008;68.24;2001.86
22.07.2008;69.26;2028.90
23.07.2008;66.72;2037.15
24.07.2008;62.53;1990.09
25.07.2008;63.83;1998.41
28.07.2008;62.34;1961.23
29.07.2008;63.21;2007.21
30.07.2008;63.82;2040.81
31.07.2008;61.11;2014.39
01.08.2008;62.01;2003.16
04.08.2008;61.36;1985.23
05.08.2008;65.20;2042.44
06.08.2008;65.40;2050.23
07.08.2008;64.69;2013.65
08.08.2008;67.86;2061.77
11.08.2008;66.62;2076.59
12.08.2008;65.93;2051.66
13.08.2008;64.26;2046.35
14.08.2008;64.77;2057.72
15.08.2008;64.45;2066.36
18.08.2008;63.64;2035.30
19.08.2008;62.95;2016.52
20.08.2008;63.21;2029.15
21.08.2008;63.55;2034.35
22.08.2008;65.55;2057.64
25.08.2008;64.07;2017.27
26.08.2008;63.46;2024.72
27.08.2008;64.52;2041.24
28.08.2008;66.34;2071.86
29.08.2008;65.56;2043.53
02.09.2008;65.87;2035.24
03.09.2008;66.07;2032.13
04.09.2008;63.03;1971.37
05.09.2008;62.89;1980.18
08.09.2008;63.91;2021.13
09.09.2008;64.02;1952.14
10.09.2008;61.71;1964.25
11.09.2008;62.57;1992.00
12.09.2008;63.30;1996.26
15.09.2008;62.25;1902.17
16.09.2008;61.72;1935.49
17.09.2008;57.00;1844.31
18.09.2008;58.11;1924.85
19.09.2008;59.76;2002.32
22.09.2008;58.81;1925.86
23.09.2008;57.31;1895.78
24.09.2008;57.36;1892.05
25.09.2008;57.42;1929.24
26.09.2008;58.32;1935.79
29.09.2008;55.47;1765.72
30.09.2008;57.35;1861.44
01.10.2008;56.62;1853.26
02.10.2008;53.58;1778.90
03.10.2008;53.83;1754.91
06.10.2008;51.29;1687.34
07.10.2008;49.28;1590.51
08.10.2008;47.70;1573.34
09.10.2008;44.41;1453.52
10.10.2008;41.80;1436.56
13.10.2008;47.08;1602.93
14.10.2008;45.07;1594.41
15.10.2008;42.33;1450.50
16.10.2008;44.79;1512.21
17.10.2008;44.55;1502.84
20.10.2008;46.71;1574.50
21.10.2008;46.40;1526.02
22.10.2008;42.91;1433.22
23.10.2008;46.52;1451.37
24.10.2008;45.24;1401.29
27.10.2008;42.36;1356.78
28.10.2008;48.91;1503.16
29.10.2008;49.80;1486.73
30.10.2008;50.70;1525.37
31.10.2008;52.42;1548.81
03.11.2008;52.85;1544.91
04.11.2008;53.62;1608.00
05.11.2008;49.55;1524.21
06.11.2008;45.72;1448.01
07.11.2008;46.58;1490.31
10.11.2008;46.14;1471.64
11.11.2008;43.97;1439.22
12.11.2008;42.52;1365.15
13.11.2008;43.16;1459.82
14.11.2008;41.04;1399.20
17.11.2008;41.18;1363.14
18.11.2008;39.56;1376.82
19.11.2008;37.48;1292.76
20.11.2008;37.11;1206.04
21.11.2008;39.58;1282.59
24.11.2008;40.75;1365.63
25.11.2008;40.18;1374.79
26.11.2008;41.28;1423.90
28.11.2008;42.63;1437.68
01.12.2008;39.88;1309.39
02.12.2008;40.70;1361.79
03.12.2008;40.47;1397.72
04.12.2008;39.19;1356.81
05.12.2008;39.53;1406.36
08.12.2008;42.85;1460.60
09.12.2008;40.82;1426.88
10.12.2008;41.68;1444.00
11.12.2008;40.27;1403.20
12.12.2008;39.20;1413.07
15.12.2008;38.74;1395.21
16.12.2008;41.90;1466.87
17.12.2008;41.02;1452.88
18.12.2008;41.07;1422.19
19.12.2008;41.24;1426.39
22.12.2008;41.12;1400.42
23.12.2008;40.15;1387.08
24.12.2008;40.12;1395.76
26.12.2008;40.53;1403.22
29.12.2008;39.99;1398.25
30.12.2008;41.25;1432.65
31.12.2008;42.67;1452.98
02.01.2009;45.25;1499.17
05.01.2009;46.17;1492.21
06.01.2009;46.31;1503.87
07.01.2009;44.76;1459.58
08.01.2009;44.79;1464.60
09.01.2009;44.45;1433.41
12.01.2009;43.74;1401.07
13.01.2009;42.46;1403.63
14.01.2009;41.20;1356.79
15.01.2009;40.96;1358.64
16.01.2009;42.46;1368.92
20.01.2009;40.36;1296.63
21.01.2009;42.27;1353.33
22.01.2009;42.26;1332.84
23.01.2009;41.98;1340.02
26.01.2009;43.01;1347.47
27.01.2009;43.22;1362.18
28.01.2009;43.24;1408.07
29.01.2009;40.71;1361.54
30.01.2009;42.31;1330.51
02.02.2009;40.80;1329.81
03.02.2009;42.09;1350.88
04.02.2009;41.97;1341.77
05.02.2009;42.72;1363.82
06.02.2009;42.92;1401.06
09.02.2009;42.80;1403.19
10.02.2009;40.21;1334.30
11.02.2009;40.33;1345.50
12.02.2009;39.86;1348.15
13.02.2009;40.48;1334.83
17.02.2009;38.43;1274.26
18.02.2009;37.98;1273.29
19.02.2009;37.57;1258.82
20.02.2009;36.31;1244.72
23.02.2009;34.46;1201.56
24.02.2009;35.44;1249.76
25.02.2009;33.91;1236.74
26.02.2009;32.71;1217.49
27.02.2009;31.44;1188.84
02.03.2009;29.51;1133.43
03.03.2009;29.36;1126.18
04.03.2009;30.31;1153.35
05.03.2009;29.39;1104.38
06.03.2009;30.10;1106.00
09.03.2009;31.00;1095.04
10.03.2009;33.01;1164.83
11.03.2009;33.27;1168.07
12.03.2009;33.63;1215.87
13.03.2009;33.40;1225.32
16.03.2009;33.83;1221.03
17.03.2009;34.44;1260.29
18.03.2009;33.75;1286.62
19.03.2009;33.19;1269.92
20.03.2009;32.55;1244.86
23.03.2009;35.50;1333.21
24.03.2009;36.10;1306.03
25.03.2009;37.06;1318.61
26.03.2009;38.66;1349.37
27.03.2009;37.53;1322.19
30.03.2009;35.52;1276.22
31.03.2009;35.58;1292.98
01.04.2009;35.44;1314.63
02.04.2009;37.20;1352.47
03.04.2009;37.69;1365.66
06.04.2009;38.16;1354.36
07.04.2009;36.64;1322.91
08.04.2009;36.87;1338.53
09.04.2009;39.15;1389.49
13.04.2009;37.15;1393.13
14.04.2009;37.04;1365.20
15.04.2009;37.57;1382.36
16.04.2009;38.39;1403.89
17.04.2009;38.32;1410.85
20.04.2009;36.48;1350.52
21.04.2009;36.65;1379.22
22.04.2009;37.30;1368.92
23.04.2009;37.93;1382.52
24.04.2009;38.72;1405.74
27.04.2009;39.47;1391.58
28.04.2009;38.85;1387.82
29.04.2009;40.55;1417.99
30.04.2009;40.05;1416.73
01.05.2009;41.21;1424.41
04.05.2009;42.18;1472.64
05.05.2009;43.15;1467.25
06.05.2009;44.20;1493.31
07.05.2009;43.53;1473.66
08.05.2009;45.83;1509.14
11.05.2009;44.72;1477.20
12.05.2009;44.10;1475.83
13.05.2009;42.95;1436.74
14.05.2009;43.44;1451.79
15.05.2009;43.00;1435.48
18.05.2009;44.37;1479.24
19.05.2009;44.62;1476.94
20.05.2009;44.58;1469.47
21.05.2009;43.29;1445.28
22.05.2009;42.94;1443.14
26.05.2009;44.16;1481.10
27.05.2009;43.57;1453.28
28.05.2009;44.32;1475.94
29.05.2009;44.85;1495.97
01.06.2009;47.70;1534.65
02.06.2009;49.20;1537.69
03.06.2009;48.37;1516.88
04.06.2009;50.57;1534.59
05.06.2009;52.65;1530.82
08.06.2009;52.83;1529.59
09.06.2009;52.35;1535.03
10.06.2009;52.30;1529.76
11.06.2009;50.66;1539.50
12.06.2009;51.44;1541.70
15.06.2009;49.52;1505.06
16.06.2009;48.83;1485.92
17.06.2009;48.55;1483.90
18.06.2009;48.96;1496.59
19.06.2009;48.44;1501.25
22.06.2009;46.90;1455.54
23.06.2009;43.87;1458.92
24.06.2009;41.32;1468.48
25.06.2009;42.53;1499.98
26.06.2009;41.88;1498.08
29.06.2009;42.65;1511.70
30.06.2009;42.50;1498.94
01.07.2009;42.23;1505.64
02.07.2009;40.83;1461.80
06.07.2009;40.56;1465.58
07.07.2009;39.04;1436.74
08.07.2009;39.55;1435.20
09.07.2009;39.30;1440.30
10.07.2009;39.65;1434.50
13.07.2009;40.44;1470.43
14.07.2009;40.41;1478.24
15.07.2009;41.36;1522.09
16.07.2009;42.05;1535.30
17.07.2009;41.36;1534.71
20.07.2009;42.20;1552.26
21.07.2009;43.02;1557.91
22.07.2009;42.00;1557.37
23.07.2009;41.95;1593.65
24.07.2009;42.37;1598.50
27.07.2009;42.24;1603.26
28.07.2009;43.25;1599.09
29.07.2009;43.37;1592.00
30.07.2009;43.24;1611.14
31.07.2009;42.91;1612.31
03.08.2009;43.79;1637.06
04.08.2009;44.16;1642.03
05.08.2009;44.03;1637.81
06.08.2009;45.52;1628.82
07.08.2009;46.69;1650.73
10.08.2009;45.77;1645.26
11.08.2009;45.39;1624.91
12.08.2009;46.34;1644.23
13.08.2009;46.62;1655.66
14.08.2009;44.87;1641.54
17.08.2009;44.16;1602.06
18.08.2009;43.78;1618.60
19.08.2009;43.52;1629.92
20.08.2009;44.74;1647.85
21.08.2009;45.87;1678.84
24.08.2009;47.13;1677.94
25.08.2009;48.25;1681.92
26.08.2009;47.82;1682.29
27.08.2009;51.82;1687.16
28.08.2009;51.04;1684.05
31.08.2009;49.67;1670.52
01.09.2009;48.77;1633.63
02.09.2009;48.40;1628.66
03.09.2009;48.46;1642.68
04.09.2009;49.15;1664.34
08.09.2009;49.50;1679.32
09.09.2009;50.53;1692.48
10.09.2009;50.49;1710.14
11.09.2009;51.35;1708.18
14.09.2009;50.97;1719.04
15.09.2009;52.07;1724.45
16.09.2009;52.36;1750.91
17.09.2009;52.88;1745.80
18.09.2009;53.02;1750.43
21.09.2009;52.86;1744.47
22.09.2009;53.14;1755.99
23.09.2009;52.37;1738.32
24.09.2009;51.79;1722.02
25.09.2009;51.52;1711.53
28.09.2009;53.07;1742.32
29.09.2009;54.62;1738.48
30.09.2009;54.15;1732.86
01.10.2009;52.11;1688.24
02.10.2009;51.40;1680.70
05.10.2009;52.28;1705.73
06.10.2009;52.29;1729.14
07.10.2009;51.79;1734.74
08.10.2009;52.30;1747.70
09.10.2009;52.69;1757.60
12.10.2009;51.66;1765.31
13.10.2009;51.90;1760.51
14.10.2009;52.51;1791.47
15.10.2009;51.76;1798.91
16.10.2009;53.19;1784.35
19.10.2009;53.45;1801.12
20.10.2009;51.89;1789.93
21.10.2009;50.63;1774.33
22.10.2009;51.07;1793.34
23.10.2009;49.89;1771.50
26.10.2009;48.29;1750.75
27.10.2009;47.75;1744.95
28.10.2009;47.22;1711.09
29.10.2009;48.81;1749.76
30.10.2009;47.80;1700.67
02.11.2009;48.27;1711.65
03.11.2009;48.10;1715.81
04.11.2009;48.07;1718.21
05.11.2009;49.77;1751.45
06.11.2009;49.68;1756.07
09.11.2009;51.35;1795.56
10.11.2009;50.32;1795.90
11.11.2009;50.68;1804.93
12.11.2009;50.28;1786.66
13.11.2009;50.68;1796.93
16.11.2009;52.48;1823.29
17.11.2009;52.53;1825.18
18.11.2009;52.02;1824.61
19.11.2009;51.43;1800.12
20.11.2009;51.70;1794.65
23.11.2009;52.63;1819.17
24.11.2009;51.97;1818.31
25.11.2009;52.93;1826.74
27.11.2009;52.45;1795.70
30.11.2009;52.41;1802.68
01.12.2009;53.72;1824.54
02.12.2009;53.78;1825.40
03.12.2009;53.77;1810.13
04.12.2009;54.68;1820.11
07.12.2009;55.82;1815.70
08.12.2009;55.66;1797.31
09.12.2009;55.47;1804.10
10.12.2009;55.01;1814.81
11.12.2009;55.60;1821.80
14.12.2009;56.05;1834.55
15.12.2009;55.67;1824.37
16.12.2009;55.13;1826.45
17.12.2009;54.47;1804.96
18.12.2009;53.44;1815.50
21.12.2009;54.30;1834.59
22.12.2009;55.10;1841.17
23.12.2009;54.96;1845.80
24.12.2009;55.48;1855.50
28.12.2009;55.14;1857.89
29.12.2009;55.21;1855.61
30.12.2009;54.96;1856.14
31.12.2009;54.13;1837.50
04.01.2010;56.18;1867.06
05.01.2010;58.02;1872.90
06.01.2010;59.78;1874.73
07.01.2010;62.20;1882.34
08.01.2010;61.60;1887.77
11.01.2010;60.87;1891.06
12.01.2010;60.43;1873.32
13.01.2010;61.16;1889.10
14.01.2010;61.56;1893.72
15.01.2010;60.82;1873.30
19.01.2010;60.65;1896.72
20.01.2010;60.20;1876.90
21.01.2010;59.20;1841.39
22.01.2010;57.77;1800.61
25.01.2010;57.78;1808.93
26.01.2010;57.71;1801.34
27.01.2010;61.93;1810.21
28.01.2010;62.56;1788.97
29.01.2010;60.60;1771.40
01.02.2010;61.70;1796.67
02.02.2010;61.94;1819.99
03.02.2010;61.46;1810.64
04.02.2010;59.32;1754.30
05.02.2010;58.40;1759.38
08.02.2010;57.89;1744.37
09.02.2010;59.74;1767.18
10.02.2010;59.54;1763.69
11.02.2010;60.59;1781.01
12.02.2010;59.65;1776.50
16.02.2010;61.26;1808.72
17.02.2010;61.82;1816.70
18.02.2010;62.89;1828.81
19.02.2010;63.59;1833.09
22.02.2010;63.97;1831.21
23.02.2010;62.77;1809.05
24.02.2010;63.48;1826.99
25.02.2010;62.87;1823.64
26.02.2010;63.16;1826.27
01.03.2010;64.00;1844.87
02.03.2010;64.44;1849.17
03.03.2010;64.45;1850.24
04.03.2010;65.55;1857.20
05.03.2010;67.93;1883.28
08.03.2010;67.24;1883.29
09.03.2010;67.79;1886.60
10.03.2010;70.01;1895.38
11.03.2010;70.07;1903.68
12.03.2010;69.83;1903.29
15.03.2010;69.40;1904.19
16.03.2010;68.72;1919.02
17.03.2010;69.38;1930.22
18.03.2010;70.87;1929.63
19.03.2010;70.72;1919.80
22.03.2010;71.91;1929.64
23.03.2010;72.18;1943.70
24.03.2010;72.32;1933.04
25.03.2010;72.49;1929.75
26.03.2010;72.59;1931.18
29.03.2010;74.11;1942.51
30.03.2010;73.53;1942.81
31.03.2010;72.61;1936.48
01.04.2010;72.99;1950.91
05.04.2010;72.04;1966.44
06.04.2010;72.36;1969.76
07.04.2010;72.10;1959.04
08.04.2010;72.28;1965.72
09.04.2010;72.42;1978.86
12.04.2010;71.92;1982.40
13.04.2010;71.19;1983.91
14.04.2010;71.70;2006.06
15.04.2010;72.09;2007.74
16.04.2010;70.79;1975.36
19.04.2010;70.96;1984.32
20.04.2010;71.41;2000.33
21.04.2010;74.16;1998.31
22.04.2010;75.59;2002.93
23.04.2010;75.13;2017.19
26.04.2010;74.34;2008.55
27.04.2010;72.48;1961.60
28.04.2010;72.37;1974.63
29.04.2010;73.79;2000.34
30.04.2010;72.43;1967.05
03.05.2010;74.39;1992.87
04.05.2010;72.79;1945.37
05.05.2010;71.00;1933.25
06.05.2010;67.97;1870.95
07.05.2010;66.72;1842.32
10.05.2010;71.00;1923.39
11.05.2010;71.42;1917.25
12.05.2010;72.87;1944.25
13.05.2010;71.76;1920.76
14.05.2010;69.82;1884.67
17.05.2010;69.68;1887.11
18.05.2010;67.73;1860.65
19.05.2010;66.21;1851.28
20.05.2010;63.00;1779.30
21.05.2010;64.56;1806.05
24.05.2010;63.15;1782.77
25.05.2010;62.78;1783.40
26.05.2010;63.26;1773.65
27.05.2010;65.13;1832.61
28.05.2010;64.18;1809.98
01.06.2010;62.95;1778.99
02.06.2010;64.34;1825.25
03.06.2010;64.31;1832.72
04.06.2010;61.15;1769.72
07.06.2010;60.11;1745.87
08.06.2010;61.02;1765.29
09.06.2010;61.71;1754.91
10.06.2010;63.89;1806.69
11.06.2010;65.38;1815.26
14.06.2010;64.82;1812.02
15.06.2010;67.48;1854.61
16.06.2010;67.03;1853.62
17.06.2010;67.26;1856.25
18.06.2010;67.96;1858.70
21.06.2010;67.97;1851.55
22.06.2010;66.28;1822.05
23.06.2010;67.45;1816.65
24.06.2010;67.43;1786.13
25.06.2010;68.77;1791.24
28.06.2010;67.30;1787.94
29.06.2010;63.04;1732.55
30.06.2010;62.75;1715.23
01.07.2010;62.26;1709.77
02.07.2010;61.94;1701.86
06.07.2010;61.36;1710.97
07.07.2010;63.30;1765.42
08.07.2010;64.73;1782.10
09.07.2010;64.66;1794.94
12.07.2010;64.34;1796.30
13.07.2010;64.43;1824.07
14.07.2010;64.75;1823.82
15.07.2010;64.37;1826.00
16.07.2010;61.90;1773.43
19.07.2010;63.18;1784.06
20.07.2010;63.88;1804.48
21.07.2010;63.18;1781.60
22.07.2010;66.60;1821.76
23.07.2010;67.93;1836.75
26.07.2010;68.85;1857.34
27.07.2010;68.62;1855.39
28.07.2010;67.32;1842.66
29.07.2010;67.22;1835.29
30.07.2010;68.14;1835.40
02.08.2010;69.69;1875.85
03.08.2010;69.54;1866.87
04.08.2010;69.25;1878.81
05.08.2010;68.71;1876.51
06.08.2010;68.70;1869.77
09.08.2010;68.99;1880.06
10.08.2010;68.62;1868.88
11.08.2010;65.60;1817.13
12.08.2010;64.70;1807.61
13.08.2010;64.84;1800.39
16.08.2010;64.40;1800.70
17.08.2010;65.99;1823.18
18.08.2010;66.00;1826.14
19.08.2010;64.62;1795.24
20.08.2010;64.60;1788.67
23.08.2010;63.30;1781.47
24.08.2010;60.93;1755.65
25.08.2010;60.76;1761.62
26.08.2010;61.32;1748.14
27.08.2010;63.16;1777.60
30.08.2010;62.10;1751.79
31.08.2010;61.13;1752.55
01.09.2010;62.29;1804.46
02.09.2010;63.39;1820.98
03.09.2010;64.64;1845.10
07.09.2010;63.42;1824.05
08.09.2010;64.50;1836.21
09.09.2010;63.44;1845.09
10.09.2010;63.84;1854.10
13.09.2010;64.19;1875.41
14.09.2010;62.76;1874.07
15.09.2010;62.73;1880.74
16.09.2010;62.58;1880.37
17.09.2010;62.95;1881.93
20.09.2010;63.72;1910.60
21.09.2010;64.23;1905.74
22.09.2010;63.90;1896.77
23.09.2010;62.65;1880.97
24.09.2010;64.60;1920.84
27.09.2010;63.89;1909.98
28.09.2010;64.52;1919.59
29.09.2010;65.97;1914.84
30.09.2010;66.54;1908.95
01.10.2010;66.83;1917.42
04.10.2010;66.33;1902.15
05.10.2010;68.60;1941.82
06.10.2010;68.58;1941.50
07.10.2010;68.46;1938.31
08.10.2010;69.23;1950.18
11.10.2010;69.99;1950.47
12.10.2010;70.22;1957.92
13.10.2010;71.47;1972.08
14.10.2010;71.36;1964.90
15.10.2010;70.11;1968.87
18.10.2010;70.23;1983.17
19.10.2010;69.05;1951.67
20.10.2010;71.36;1972.51
21.10.2010;71.50;1976.12
22.10.2010;71.26;1980.83
25.10.2010;71.66;1985.11
26.10.2010;71.30;1985.13
27.10.2010;70.86;1980.05
28.10.2010;71.27;1982.45
29.10.2010;70.64;1981.59
01.11.2010;70.48;1983.47
02.11.2010;69.78;1998.86
03.11.2010;68.94;2006.58
04.11.2010;70.85;2045.62
05.11.2010;71.27;2053.77
08.11.2010;70.21;2049.69
09.11.2010;69.25;2033.85
10.11.2010;67.07;2043.16
11.11.2010;65.37;2034.48
12.11.2010;63.09;2010.57
15.11.2010;63.61;2008.25
16.11.2010;62.78;1976.26
17.11.2010;62.50;1977.00
18.11.2010;64.61;2007.38
19.11.2010;63.59;2012.59
22.11.2010;64.03;2009.52
23.11.2010;63.60;1980.89
24.11.2010;65.41;2010.56
26.11.2010;64.80;1996.03
29.11.2010;64.36;1993.83
30.11.2010;63.77;1981.84
01.12.2010;65.72;2024.97
02.12.2010;66.59;2050.96
03.12.2010;66.54;2056.40
06.12.2010;66.59;2053.80
07.12.2010;66.23;2054.89
08.12.2010;65.18;2063.03
09.12.2010;64.61;2071.12
10.12.2010;64.16;2083.57
13.12.2010;63.79;2084.00
14.12.2010;64.49;2085.93
15.12.2010;64.24;2075.29
16.12.2010;64.40;2088.19
17.12.2010;65.03;2089.95
20.12.2010;63.27;2095.32
21.12.2010;64.19;2108.26
22.12.2010;64.61;2115.69
23.12.2010;65.06;2112.37
27.12.2010;64.75;2113.67
28.12.2010;64.86;2115.32
29.12.2010;65.05;2117.83
30.12.2010;65.01;2114.70
31.12.2010;65.26;2114.29
03.01.2011;66.40;2138.30
04.01.2011;66.94;2135.53
05.01.2011;67.48;2146.50
06.01.2011;68.80;2142.76
07.01.2011;69.38;2138.81
10.01.2011;69.09;2135.86
11.01.2011;68.96;2143.82
12.01.2011;70.15;2163.36
13.01.2011;69.83;2159.66
14.01.2011;70.07;2175.68
18.01.2011;72.47;2178.72
19.01.2011;71.73;2156.97
20.01.2011;71.12;2154.18
21.01.2011;71.68;2159.43
24.01.2011;72.73;2172.03
25.01.2011;72.24;2172.67
26.01.2011;70.02;2181.92
27.01.2011;70.56;2186.93
28.01.2011;69.23;2147.95
31.01.2011;69.48;2164.40
01.02.2011;70.29;2200.54
02.02.2011;71.00;2194.94
03.02.2011;70.98;2200.42
04.02.2011;71.38;2206.80
07.02.2011;71.93;2220.60
08.02.2011;72.71;2230.59
09.02.2011;72.63;2224.64
10.02.2011;72.66;2226.51
11.02.2011;72.14;2239.08
14.02.2011;72.26;2244.89
15.02.2011;71.40;2237.90
16.02.2011;72.48;2252.30
17.02.2011;72.24;2259.42
18.02.2011;73.04;2263.79
22.02.2011;70.93;2217.35
23.02.2011;70.23;2203.89
24.02.2011;70.76;2202.23
25.02.2011;72.30;2226.05
28.02.2011;72.01;2238.55
01.03.2011;70.12;2203.32
02.03.2011;69.57;2207.24
03.03.2011;71.71;2245.33
04.03.2011;71.80;2228.78
07.03.2011;70.88;2210.26
08.03.2011;72.04;2230.40
09.03.2011;72.09;2227.70
10.03.2011;71.29;2185.65
11.03.2011;71.64;2201.81
14.03.2011;70.74;2188.56
15.03.2011;69.69;2164.06
16.03.2011;67.69;2121.94
17.03.2011;68.30;2150.43
18.03.2011;69.10;2159.69
21.03.2011;71.20;2192.09
22.03.2011;71.85;2184.57
23.03.2011;72.72;2190.96
24.03.2011;72.76;2211.42
25.03.2011;73.34;2218.42
28.03.2011;73.30;2212.32
29.03.2011;73.62;2228.41
30.03.2011;73.80;2243.55
31.03.2011;73.93;2239.44
01.04.2011;74.01;2250.58
04.04.2011;73.95;2251.64
05.04.2011;73.23;2251.26
06.04.2011;73.72;2257.11
07.04.2011;74.29;2253.76
08.04.2011;73.47;2244.74
11.04.2011;73.76;2238.51
12.04.2011;73.08;2221.12
13.04.2011;72.13;2221.77
14.04.2011;72.30;2221.99
15.04.2011;72.60;2230.71
18.04.2011;72.79;2206.15
19.04.2011;73.15;2218.86
20.04.2011;75.07;2248.90
21.04.2011;75.44;2260.84
25.04.2011;74.90;2257.24
26.04.2011;75.55;2277.51
27.04.2011;76.12;2292.13
28.04.2011;78.55;2300.46
29.04.2011;79.78;2305.76
02.05.2011;79.53;2301.72
03.05.2011;79.51;2293.95
04.05.2011;78.84;2278.63
05.05.2011;78.45;2258.08
06.05.2011;79.31;2266.97
09.05.2011;79.64;2277.30
10.05.2011;79.95;2295.72
11.05.2011;79.08;2271.47
12.05.2011;79.41;2282.84
13.05.2011;79.03;2264.52
16.05.2011;77.77;2250.61
17.05.2011;76.68;2250.35
18.05.2011;77.14;2270.57
19.05.2011;78.02;2275.71
20.05.2011;77.52;2258.21
23.05.2011;76.28;2231.31
24.05.2011;75.57;2229.49
25.05.2011;76.32;2236.75
26.05.2011;76.66;2246.13
27.05.2011;76.99;2255.74
31.05.2011;78.03;2279.66
01.06.2011;75.35;2227.96
02.06.2011;75.69;2225.36
03.06.2011;74.84;2203.81
06.06.2011;74.58;2180.14
07.06.2011;74.18;2178.15
08.06.2011;73.85;2169.50
09.06.2011;74.18;2185.52
10.06.2011;72.69;2155.00
13.06.2011;72.94;2157.15
14.06.2011;74.64;2184.48
15.06.2011;73.85;2146.45
16.06.2011;74.01;2150.58
17.06.2011;74.16;2157.14
20.06.2011;74.52;2168.80
21.06.2011;73.98;2198.15
22.06.2011;72.12;2184.03
23.06.2011;71.25;2177.85
24.06.2011;71.26;2152.31
27.06.2011;71.62;2172.08
28.06.2011;72.09;2200.68
29.06.2011;72.72;2219.20
30.06.2011;73.93;2241.66
01.07.2011;74.27;2274.26
05.07.2011;74.15;2271.29
06.07.2011;74.74;2274.42
07.07.2011;75.99;2298.31
08.07.2011;75.07;2282.32
11.07.2011;73.35;2241.07
12.07.2011;71.93;2231.15
13.07.2011;72.17;2238.29
14.07.2011;71.19;2223.29
15.07.2011;71.28;2235.65
18.07.2011;69.55;2217.55
19.07.2011;70.53;2253.71
20.07.2011;72.07;2252.52
21.07.2011;72.89;2283.23
22.07.2011;72.67;2285.34
25.07.2011;71.31;2272.47
26.07.2011;70.16;2263.15
27.07.2011;70.63;2217.29
28.07.2011;70.66;2210.33
29.07.2011;70.47;2196.08
01.08.2011;70.33;2187.00
02.08.2011;67.70;2131.10
03.08.2011;67.34;2142.56
04.08.2011;63.09;2040.20
05.08.2011;62.75;2039.04
08.08.2011;58.71;1903.47
09.08.2011;62.34;1993.76
10.08.2011;57.41;1906.53
11.08.2011;58.85;1995.14
12.08.2011;61.75;2005.67
15.08.2011;62.70;2049.51
16.08.2011;62.23;2029.92
17.08.2011;62.18;2032.41
18.08.2011;58.93;1941.92
19.08.2011;57.54;1912.77
22.08.2011;58.38;1913.27
23.08.2011;60.77;1978.89
24.08.2011;61.69;2005.13
25.08.2011;61.10;1973.96
26.08.2011;62.80;2004.11
29.08.2011;64.60;2061.05
30.08.2011;66.03;2066.37
31.08.2011;66.86;2076.78
01.09.2011;66.05;2052.30
02.09.2011;64.03;2000.50
06.09.2011;62.77;1985.67
07.09.2011;64.90;2043.05
08.09.2011;62.81;2021.42
09.09.2011;61.79;1967.47
12.09.2011;62.39;1981.30
13.09.2011;62.85;2000.08
14.09.2011;63.03;2027.04
15.09.2011;64.32;2062.25
16.09.2011;65.38;2074.06
19.09.2011;64.15;2053.74
20.09.2011;63.56;2050.39
21.09.2011;61.02;1990.20
22.09.2011;58.72;1926.76
23.09.2011;59.51;1938.73
26.09.2011;62.01;1983.97
27.09.2011;62.78;2005.19
28.09.2011;61.92;1964.20
29.09.2011;62.37;1980.23
30.09.2011;60.51;1930.79
03.10.2011;58.25;1875.95
04.10.2011;59.14;1918.39
05.10.2011;59.96;1953.67
06.10.2011;61.48;1989.61
07.10.2011;61.81;1973.42
10.10.2011;64.03;2040.76
11.10.2011;63.97;2041.90
12.10.2011;64.32;2062.22
13.10.2011;63.53;2056.26
14.10.2011;63.89;2091.99
17.10.2011;61.78;2051.54
18.10.2011;63.47;2093.43
19.10.2011;63.11;2067.28
20.10.2011;62.49;2076.75
21.10.2011;64.59;2115.86
24.10.2011;64.75;2143.13
25.10.2011;63.72;2100.17
26.10.2011;66.56;2122.32
27.10.2011;67.49;2195.22
28.10.2011;68.17;2196.13
31.10.2011;65.79;2141.81
01.11.2011;63.17;2081.97
02.11.2011;64.40;2115.70
03.11.2011;66.19;2155.87
04.11.2011;65.80;2142.34
07.11.2011;66.29;2156.00
08.11.2011;66.65;2182.61
09.11.2011;64.55;2102.72
10.11.2011;64.83;2121.14
11.11.2011;66.92;2162.48
14.11.2011;67.94;2142.09
15.11.2011;67.94;2152.80
16.11.2011;66.34;2117.64
17.11.2011;66.09;2082.10
18.11.2011;67.46;2081.42
21.11.2011;65.56;2042.71
22.11.2011;64.35;2034.41
23.11.2011;62.36;1989.54
25.11.2011;62.78;1984.50
28.11.2011;64.99;2042.80
29.11.2011;65.26;2048.06
30.11.2011;68.69;2137.08
01.12.2011;70.98;2133.07
02.12.2011;71.30;2132.64
05.12.2011;71.09;2154.68
06.12.2011;70.87;2157.10
07.12.2011;70.60;2162.07
08.12.2011;70.17;2116.41
09.12.2011;71.93;2152.15
12.12.2011;70.90;2120.15
13.12.2011;70.90;2102.15
14.12.2011;69.94;2078.51
15.12.2011;70.61;2085.44
16.12.2011;71.01;2092.18
19.12.2011;70.16;2067.67
20.12.2011;72.44;2129.67
21.12.2011;73.59;2133.86
22.12.2011;74.29;2152.04
23.12.2011;73.97;2171.50
27.12.2011;74.27;2171.71
28.12.2011;73.26;2145.09
29.12.2011;74.11;2168.12
30.12.2011;73.35;2158.94
03.01.2012;74.22;2192.40
04.01.2012;74.33;2193.28
05.01.2012;73.53;2199.73
06.01.2012;73.98;2194.98
09.01.2012;74.53;2200.00
10.01.2012;75.00;2219.58
11.01.2012;74.74;2220.48
12.01.2012;75.51;2225.74
13.01.2012;74.60;2214.73
17.01.2012;75.24;2222.59
18.01.2012;75.06;2247.64
19.01.2012;75.56;2258.80
20.01.2012;75.52;2260.37
23.01.2012;75.51;2261.47
24.01.2012;75.36;2259.22
25.01.2012;75.82;2278.83
26.01.2012;75.31;2265.84
27.01.2012;74.55;2262.35
30.01.2012;74.16;2256.72
31.01.2012;74.18;2255.69
01.02.2012;75.37;2276.24
02.02.2012;75.22;2278.92
03.02.2012;76.34;2312.49
06.02.2012;75.46;2311.55
07.02.2012;75.20;2316.27
08.02.2012;75.46;2322.11
09.02.2012;75.90;2325.56
10.02.2012;74.95;2309.60
13.02.2012;74.85;2325.81
14.02.2012;75.56;2324.00
15.02.2012;75.21;2312.28
16.02.2012;75.27;2338.12
17.02.2012;75.35;2343.67
21.02.2012;75.72;2345.41
22.02.2012;76.06;2337.67
23.02.2012;75.85;2348.11
24.02.2012;76.06;2352.34
27.02.2012;75.21;2355.74
28.02.2012;75.16;2364.03
29.02.2012;74.95;2353.23
01.03.2012;75.08;2367.87
02.03.2012;74.90;2360.28
05.03.2012;74.13;2351.28
06.03.2012;72.56;2315.21
07.03.2012;73.52;2331.89
08.03.2012;74.17;2355.01
09.03.2012;73.29;2363.56
12.03.2012;73.60;2364.10
13.03.2012;74.31;2407.79
14.03.2012;75.23;2404.98
15.03.2012;75.43;2419.37
16.03.2012;75.20;2422.09
19.03.2012;75.40;2431.73
20.03.2012;75.14;2424.46
21.03.2012;75.01;2420.02
22.03.2012;73.92;2402.71
23.03.2012;73.97;2410.16
26.03.2012;75.18;2443.64
27.03.2012;74.81;2437.01
28.03.2012;74.33;2425.55
29.03.2012;74.08;2421.70
30.03.2012;74.37;2430.67
02.04.2012;75.17;2449.08
03.04.2012;74.65;2439.89
04.04.2012;73.67;2415.05
05.04.2012;73.59;2414.40
09.04.2012;72.43;2387.03
10.04.2012;70.60;2346.27
11.04.2012;71.77;2364.09
12.04.2012;73.50;2396.69
13.04.2012;72.92;2366.84
16.04.2012;72.68;2365.65
17.04.2012;74.09;2402.29
18.04.2012;73.71;2392.57
19.04.2012;73.10;2378.48
20.04.2012;73.55;2381.32
23.04.2012;72.86;2361.35
24.04.2012;73.21;2370.04
25.04.2012;77.08;2402.71
26.04.2012;76.99;2418.89
27.04.2012;77.27;2424.78
30.04.2012;76.80;2415.42
01.05.2012;77.25;2429.10
02.05.2012;77.26;2423.29
03.05.2012;76.83;2405.17
04.05.2012;75.84;2366.39
07.05.2012;75.96;2367.26
08.05.2012;75.40;2357.45
09.05.2012;74.05;2342.31
10.05.2012;73.80;2348.93
11.05.2012;73.56;2341.23
14.05.2012;73.12;2315.45
15.05.2012;72.58;2302.56
16.05.2012;72.35;2293.21
17.05.2012;69.73;2258.93
18.05.2012;69.15;2242.25
21.05.2012;71.78;2278.24
22.05.2012;71.48;2279.40
23.05.2012;71.57;2283.36
24.05.2012;71.39;2286.87
25.05.2012;70.00;2281.92
29.05.2012;70.40;2307.57
30.05.2012;69.39;2275.19
31.05.2012;69.61;2270.25
01.06.2012;67.24;2214.41
04.06.2012;67.50;2214.70
05.06.2012;67.58;2227.45
06.06.2012;69.02;2279.42
07.06.2012;69.95;2279.28
08.06.2012;69.94;2297.82
11.06.2012;70.11;2268.94
12.06.2012;72.58;2295.40
13.06.2012;72.06;2280.13
14.06.2012;71.85;2304.83
15.06.2012;71.99;2328.66
18.06.2012;71.90;2332.07
19.06.2012;72.92;2355.01
20.06.2012;73.01;2351.14
21.06.2012;71.37;2299.16
22.06.2012;71.96;2315.65
25.06.2012;71.05;2278.98
26.06.2012;70.93;2289.86
27.06.2012;71.87;2310.98
28.06.2012;71.58;2306.22
29.06.2012;74.30;2363.79
02.07.2012;73.18;2369.75
03.07.2012;74.27;2385.06
05.07.2012;74.44;2373.91
06.07.2012;73.69;2352.34
09.07.2012;74.03;2348.52
10.07.2012;73.22;2329.46
11.07.2012;71.52;2329.71
12.07.2012;71.71;2318.09
13.07.2012;73.51;2356.40
16.07.2012;72.97;2350.94
17.07.2012;73.11;2368.36
18.07.2012;73.89;2384.54
19.07.2012;74.86;2391.27
20.07.2012;73.89;2367.26
23.07.2012;72.91;2346.22
24.07.2012;72.03;2325.02
25.07.2012;74.03;2324.33
26.07.2012;74.91;2362.85
27.07.2012;75.51;2408.07
30.07.2012;74.86;2406.99
31.07.2012;73.91;2396.62
01.08.2012;72.77;2389.73
02.08.2012;71.99;2372.31
03.08.2012;72.81;2417.77
06.08.2012;72.89;2423.46
07.08.2012;74.46;2435.88
08.08.2012;74.60;2438.16
09.08.2012;74.28;2440.23
10.08.2012;74.21;2445.64
13.08.2012;74.19;2443.05
14.08.2012;73.81;2443.16
15.08.2012;73.07;2446.82
16.08.2012;73.64;2464.38
17.08.2012;73.91;2469.00
20.08.2012;73.83;2468.99
21.08.2012;73.27;2460.41
22.08.2012;72.80;2461.12
23.08.2012;70.36;2441.29
24.08.2012;71.09;2457.40
27.08.2012;71.38;2456.22
28.08.2012;71.52;2454.39
29.08.2012;71.44;2457.05
30.08.2012;70.82;2438.20
31.08.2012;71.40;2450.60
04.09.2012;70.87;2447.80
05.09.2012;71.92;2445.81
06.09.2012;72.82;2496.12
07.09.2012;72.89;2506.37
10.09.2012;71.08;2491.11
11.09.2012;71.27;2498.95
12.09.2012;70.96;2504.84
13.09.2012;71.58;2546.03
14.09.2012;71.28;2556.13
17.09.2012;69.92;2548.26
18.09.2012;70.45;2545.05
19.09.2012;69.90;2548.11
20.09.2012;69.85;2547.11
21.09.2012;69.97;2546.92
24.09.2012;70.03;2541.23
25.09.2012;69.38;2514.83
26.09.2012;70.25;2500.92
27.09.2012;70.10;2525.23
28.09.2012;69.60;2513.93
01.10.2012;70.01;2520.71
02.10.2012;69.53;2523.08
03.10.2012;69.86;2532.79
04.10.2012;69.94;2550.98
05.10.2012;70.89;2551.03
08.10.2012;70.57;2542.21
09.10.2012;70.64;2517.14
10.10.2012;70.34;2501.75
11.10.2012;70.83;2502.66
12.10.2012;71.85;2495.28
15.10.2012;72.25;2515.44
16.10.2012;73.48;2541.28
17.10.2012;73.63;2552.05
18.10.2012;74.26;2545.95
19.10.2012;74.01;2503.80
22.10.2012;73.70;2504.96
23.10.2012;72.82;2468.78
24.10.2012;72.71;2461.18
25.10.2012;71.54;2468.60
26.10.2012;71.11;2466.80
31.10.2012;70.44;2467.51
01.11.2012;70.79;2494.67
02.11.2012;70.05;2471.30
05.11.2012;70.41;2476.94
06.11.2012;72.02;2496.46
07.11.2012;70.11;2439.48
08.11.2012;70.98;2409.72
09.11.2012;73.25;2413.92
12.11.2012;73.69;2414.24
13.11.2012;73.36;2405.38
14.11.2012;71.29;2372.94
15.11.2012;71.04;2369.32
16.11.2012;70.77;2381.02
19.11.2012;71.96;2428.47
20.11.2012;72.54;2430.29
21.11.2012;73.15;2435.97
23.11.2012;73.74;2468.06
26.11.2012;74.27;2463.12
27.11.2012;74.49;2450.48
28.11.2012;74.09;2470.47
29.11.2012;74.12;2481.42
30.11.2012;74.28;2481.82
03.12.2012;74.02;2470.07
04.12.2012;74.05;2465.90
05.12.2012;73.87;2470.59
06.12.2012;73.98;2479.40
07.12.2012;74.64;2486.84
10.12.2012;75.53;2487.78
11.12.2012;75.82;2504.08
12.12.2012;75.47;2505.76
13.12.2012;74.32;2490.56
14.12.2012;74.02;2480.36
17.12.2012;74.65;2509.84
18.12.2012;75.52;2538.72
19.12.2012;75.51;2519.54
20.12.2012;76.20;2533.91
21.12.2012;76.17;2510.32
24.12.2012;75.97;2504.51
26.12.2012;76.02;2492.54
27.12.2012;75.83;2489.97
28.12.2012;74.69;2462.71
31.12.2012;75.36;2504.44
02.01.2013;77.07;2568.55
03.01.2013;77.47;2563.19
04.01.2013;77.69;2575.66
07.01.2013;76.13;2567.63
08.01.2013;74.13;2560.17
09.01.2013;76.76;2567.02
10.01.2013;77.09;2586.52
11.01.2013;75.16;2586.69
14.01.2013;76.55;2584.27
15.01.2013;76.94;2587.20
16.01.2013;74.34;2588.02
17.01.2013;75.26;2602.64
18.01.2013;75.04;2611.54
22.01.2013;74.16;2623.22
23.01.2013;74.29;2627.23
24.01.2013;75.32;2627.33
25.01.2013;75.03;2641.64
28.01.2013;74.00;2636.83
29.01.2013;73.65;2650.43
30.01.2013;74.59;2640.77
31.01.2013;73.87;2634.16
01.02.2013;74.87;2660.70
04.02.2013;75.21;2630.05
05.02.2013;75.89;2657.76
06.02.2013;76.29;2659.55
07.02.2013;77.43;2655.84
08.02.2013;76.56;2670.85
11.02.2013;75.87;2669.37
12.02.2013;75.99;2673.77
13.02.2013;74.78;2676.60
14.02.2013;74.93;2678.77
15.02.2013;75.03;2676.21
19.02.2013;74.65;2696.26
20.02.2013;74.78;2662.94
21.02.2013;76.01;2646.75
22.02.2013;76.66;2670.36
25.02.2013;75.03;2621.46
26.02.2013;75.65;2637.89
27.02.2013;77.36;2672.11
28.02.2013;76.90;2669.92
01.03.2013;77.28;2676.18
04.03.2013;77.09;2688.54
05.03.2013;78.66;2714.35
06.03.2013;79.08;2718.07
07.03.2013;81.05;2723.27
08.03.2013;81.23;2735.67
11.03.2013;82.94;2744.81
12.03.2013;84.16;2738.35
13.03.2013;84.75;2742.87
14.03.2013;84.62;2758.30
15.03.2013;86.43;2753.82
18.03.2013;85.18;2738.68
19.03.2013;85.51;2732.09
20.03.2013;85.37;2750.42
21.03.2013;84.33;2727.69
22.03.2013;84.82;2747.25
25.03.2013;84.85;2738.08
26.03.2013;86.62;2760.32
27.03.2013;86.20;2758.85
28.03.2013;85.85;2770.05
01.04.2013;85.25;2757.83
02.04.2013;84.09;2772.11
03.04.2013;84.36;2743.38
04.04.2013;84.95;2754.67
05.04.2013;86.17;2742.86
08.04.2013;86.75;2761.05
09.04.2013;87.21;2770.84
10.04.2013;87.82;2804.81
11.04.2013;88.53;2815.02
12.04.2013;88.89;2807.10
15.04.2013;86.77;2742.63
16.04.2013;86.89;2781.86
17.04.2013;86.69;2742.01
18.04.2013;86.12;2723.72
19.04.2013;87.96;2747.94
22.04.2013;86.94;2760.80
23.04.2013;88.18;2789.56
24.04.2013;90.83;2789.93
25.04.2013;91.67;2801.28
26.04.2013;92.85;2796.24
29.04.2013;91.90;2816.39
30.04.2013;91.41;2823.42
01.05.2013;91.18;2797.28
02.05.2013;92.21;2823.82
03.05.2013;93.74;2853.88
06.05.2013;94.19;2859.34
07.05.2013;94.79;2874.46
08.05.2013;94.04;2887.61
09.05.2013;94.61;2878.30
10.05.2013;94.24;2890.77
13.05.2013;94.76;2891.17
14.05.2013;96.11;2921.12
15.05.2013;97.02;2936.98
16.05.2013;96.58;2922.40
17.05.2013;98.92;2952.56
20.05.2013;98.72;2950.53
21.05.2013;98.75;2955.69
22.05.2013;97.93;2931.58
23.05.2013;99.75;2923.43
24.05.2013;100.00;2921.88
28.05.2013;100.11;2940.45
29.05.2013;99.09;2920.18
30.05.2013;100.54;2931.39
31.05.2013;99.02;2889.46
03.06.2013;100.74;2906.91
04.06.2013;99.61;2891.02
05.06.2013;98.49;2851.89
06.06.2013;99.76;2876.50
07.06.2013;102.49;2913.46
10.06.2013;102.24;2912.63
11.06.2013;101.75;2883.07
12.06.2013;100.88;2859.62
13.06.2013;102.16;2902.32
14.06.2013;101.83;2885.24
17.06.2013;103.03;2907.12
18.06.2013;104.08;2929.81
19.06.2013;102.25;2889.25
20.06.2013;99.64;2817.44
21.06.2013;99.98;2824.97
24.06.2013;97.85;2790.66
25.06.2013;98.67;2817.44
26.06.2013;100.75;2845.04
27.06.2013;103.15;2862.92
28.06.2013;102.44;2850.66
01.07.2013;103.24;2866.41
02.07.2013;101.47;2865.48
03.07.2013;102.89;2867.85
05.07.2013;104.20;2897.12
08.07.2013;104.37;2913.20
09.07.2013;104.68;2934.31
10.07.2013;105.50;2934.97
11.07.2013;106.88;2975.06
12.07.2013;101.87;2984.24
15.07.2013;105.66;2988.35
16.07.2013;104.23;2977.26
17.07.2013;104.79;2985.85
18.07.2013;107.63;3001.21
19.07.2013;106.96;3006.13
22.07.2013;106.86;3012.30
23.07.2013;107.79;3006.72
24.07.2013;106.95;2995.30
25.07.2013;106.70;3003.01
26.07.2013;105.60;3005.51
29.07.2013;104.81;2994.45
30.07.2013;105.73;2995.68
31.07.2013;105.10;2995.72
01.08.2013;106.70;3033.59
02.08.2013;107.90;3038.63
05.08.2013;107.50;3034.43
06.08.2013;107.04;3017.16
07.08.2013;106.42;3006.63
08.08.2013;105.84;3019.00
09.08.2013;105.33;3008.79
12.08.2013;104.24;3005.42
13.08.2013;106.23;3014.43
14.08.2013;104.16;2999.42
15.08.2013;102.73;2957.08
16.08.2013;103.47;2947.46
19.08.2013;104.72;2930.27
20.08.2013;104.63;2941.58
21.08.2013;103.91;2924.73
22.08.2013;105.14;2949.96
23.08.2013;105.48;2962.06
26.08.2013;105.53;2950.13
27.08.2013;103.21;2903.29
28.08.2013;103.27;2911.83
29.08.2013;104.93;2917.96
30.08.2013;103.92;2908.96
03.09.2013;105.01;2921.23
04.09.2013;106.37;2945.62
05.09.2013;106.65;2949.27
06.09.2013;106.07;2949.80
09.09.2013;107.19;2979.45
10.09.2013;108.17;3001.36
11.09.2013;109.23;3010.94
12.09.2013;109.80;3001.62
13.09.2013;111.33;3009.79
16.09.2013;115.67;3026.94
17.09.2013;117.11;3039.75
18.09.2013;118.40;3076.81
19.09.2013;119.04;3071.61
20.09.2013;116.63;3049.47
23.09.2013;117.51;3035.09
24.09.2013;119.00;3027.52
25.09.2013;118.51;3019.31
26.09.2013;119.38;3030.41
27.09.2013;118.74;3018.24
30.09.2013;117.50;3000.18
01.10.2013;117.75;3024.38
02.10.2013;117.84;3022.95
03.10.2013;115.24;2995.81
04.10.2013;117.20;3017.05
07.10.2013;116.69;2991.39
08.10.2013;115.44;2955.41
09.10.2013;114.47;2957.40
10.10.2013;118.90;3022.43
11.10.2013;117.98;3041.43
14.10.2013;119.46;3053.84
15.10.2013;118.18;3032.27
16.10.2013;120.34;3074.54
17.10.2013;122.29;3095.42
18.10.2013;122.52;3115.77
21.10.2013;121.47;3116.09
22.10.2013;122.48;3133.98
23.10.2013;129.02;3119.20
24.10.2013;128.98;3129.41
25.10.2013;131.19;3143.16
28.10.2013;129.88;3147.36
29.10.2013;129.66;3165.11
30.10.2013;129.68;3149.93
31.10.2013;130.50;3138.09
01.11.2013;133.03;3147.21
04.11.2013;132.79;3158.47
05.11.2013;133.57;3149.96
06.11.2013;133.09;3165.13
07.11.2013;131.51;3124.12
08.11.2013;133.49;3166.11
11.11.2013;132.53;3168.41
12.11.2013;132.33;3161.10
13.11.2013;133.17;3187.64
14.11.2013;135.09;3203.65
15.11.2013;136.08;3217.20
18.11.2013;138.36;3205.46
19.11.2013;136.98;3199.51
20.11.2013;132.45;3188.04
21.11.2013;132.93;3214.16
22.11.2013;135.97;3230.54
25.11.2013;133.00;3226.53
26.11.2013;134.78;3227.36
27.11.2013;134.72;3236.14
29.11.2013;134.25;3233.72
02.12.2013;134.16;3225.06
03.12.2013;132.00;3214.95
04.12.2013;131.50;3211.59
05.12.2013;132.73;3197.76
06.12.2013;135.18;3233.99
09.12.2013;134.68;3239.99
10.12.2013;133.70;3229.72
11.12.2013;132.56;3193.52
12.12.2013;132.96;3182.33
13.12.2013;133.83;3182.07
16.12.2013;134.72;3202.22
17.12.2013;135.88;3192.33
18.12.2013;135.49;3245.59
19.12.2013;135.17;3244.15
20.12.2013;136.67;3259.79
23.12.2013;136.40;3277.62
24.12.2013;136.83;3287.55
26.12.2013;138.27;3303.15
27.12.2013;136.90;3302.66
30.12.2013;135.92;3302.30
31.12.2013;136.49;3315.59
02.01.2014;136.67;3286.69
03.01.2014;137.62;3285.68
06.01.2014;138.41;3277.48
07.01.2014;140.51;3297.45
08.01.2014;140.82;3297.74
09.01.2014;142.13;3298.87
10.01.2014;141.90;3306.49
13.01.2014;140.70;3265.27
14.01.2014;140.01;3300.61
15.01.2014;140.62;3317.75
16.01.2014;140.21;3313.36
17.01.2014;140.46;3300.51
21.01.2014;141.67;3309.74
22.01.2014;144.37;3312.04
23.01.2014;141.31;3282.64
24.01.2014;136.65;3214.13
27.01.2014;137.36;3198.57
28.01.2014;137.09;3218.21
29.01.2014;129.78;3185.70
30.01.2014;126.53;3221.78
31.01.2014;125.26;3200.95
03.02.2014;123.08;3127.87
04.02.2014;122.04;3151.94
05.02.2014;121.40;3146.49
06.02.2014;122.67;3187.25
07.02.2014;127.02;3229.64
10.02.2014;127.16;3234.79
11.02.2014;130.16;3270.74
12.02.2014;128.13;3271.47
13.02.2014;129.50;3290.82
14.02.2014;130.16;3306.92
18.02.2014;130.63;3311.27
19.02.2014;128.39;3289.83
20.02.2014;129.56;3310.27
21.02.2014;128.28;3304.36
24.02.2014;129.59;3324.84
25.02.2014;126.78;3320.43
26.02.2014;126.61;3321.15
27.02.2014;128.56;3338.05
28.02.2014;128.92;3347.38
03.03.2014;128.22;3322.85
04.03.2014;130.23;3373.64
05.03.2014;128.79;3374.10
06.03.2014;128.86;3380.49
07.03.2014;128.54;3382.57
10.03.2014;126.89;3381.22
11.03.2014;125.67;3364.17
12.03.2014;124.43;3366.07
13.03.2014;121.89;3327.11
14.03.2014;123.11;3317.81
17.03.2014;125.42;3349.71
18.03.2014;124.04;3373.98
19.03.2014;122.24;3353.29
20.03.2014;123.73;3373.60
21.03.2014;122.58;3363.72
24.03.2014;123.42;3347.36
25.03.2014;124.02;3362.44
26.03.2014;123.53;3339.00
27.03.2014;123.21;3333.23
28.03.2014;124.46;3348.83
31.03.2014;125.49;3375.51
01.04.2014;128.21;3399.51
02.04.2014;128.31;3409.80
03.04.2014;128.78;3406.00
04.04.2014;127.38;3363.41
07.04.2014;125.59;3327.27
08.04.2014;124.15;3340.84
09.04.2014;126.88;3377.61
10.04.2014;123.64;3307.08
11.04.2014;122.07;3276.04
14.04.2014;123.25;3302.98
15.04.2014;124.27;3325.30
16.04.2014;126.04;3360.27
17.04.2014;127.92;3365.00
21.04.2014;127.82;3377.75
22.04.2014;127.55;3391.58
23.04.2014;130.63;3384.50
24.04.2014;129.86;3390.39
25.04.2014;128.66;3362.95
28.04.2014;127.04;3374.04
29.04.2014;128.37;3390.16
30.04.2014;129.02;3400.46
01.05.2014;128.46;3400.20
02.05.2014;129.94;3395.61
05.05.2014;131.96;3402.23
06.05.2014;130.83;3371.72
07.05.2014;130.35;3392.10
08.05.2014;130.57;3388.29
09.05.2014;131.10;3394.05
12.05.2014;132.60;3427.01
13.05.2014;133.45;3429.30
14.05.2014;132.99;3413.84
15.05.2014;131.21;3382.52
16.05.2014;130.81;3395.21
19.05.2014;131.35;3408.52
20.05.2014;129.58;3386.48
21.05.2014;130.96;3414.45
22.05.2014;131.84;3422.99
23.05.2014;132.41;3437.58
27.05.2014;134.17;3458.19
28.05.2014;134.33;3454.88
29.05.2014;135.14;3473.86
30.05.2014;135.25;3480.29
02.06.2014;135.90;3483.14
03.06.2014;135.88;3482.00
04.06.2014;135.33;3489.21
05.06.2014;136.82;3512.21
06.06.2014;138.25;3528.98
09.06.2014;137.96;3532.47
10.06.2014;137.25;3531.62
11.06.2014;134.10;3519.52
12.06.2014;132.19;3495.57
13.06.2014;132.29;3506.58
16.06.2014;132.54;3509.54
17.06.2014;132.45;3517.23
18.06.2014;132.48;3544.42
19.06.2014;132.82;3549.44
20.06.2014;132.10;3555.60
23.06.2014;130.85;3555.14
24.06.2014;129.15;3532.57
25.06.2014;127.06;3549.96
26.06.2014;128.02;3546.38
27.06.2014;128.54;3553.35
30.06.2014;127.23;3552.18
01.07.2014;128.15;3576.55
02.07.2014;127.62;3579.11
03.07.2014;128.51;3598.73
07.07.2014;129.09;3584.75
08.07.2014;126.79;3560.53
09.07.2014;126.79;3577.28
10.07.2014;126.79;3562.49
11.07.2014;128.09;3568.08
14.07.2014;129.52;3585.37
15.07.2014;129.10;3578.46
16.07.2014;127.42;3593.91
17.07.2014;125.88;3551.73
18.07.2014;127.64;3588.21
21.07.2014;128.30;3579.99
22.07.2014;129.74;3597.95
23.07.2014;126.71;3604.30
24.07.2014;124.40;3606.10
25.07.2014;123.20;3588.68
28.07.2014;123.06;3589.73
29.07.2014;122.32;3573.65
30.07.2014;122.29;3574.45
31.07.2014;120.48;3503.19
01.08.2014;120.38;3493.18
04.08.2014;119.93;3518.31
05.08.2014;121.27;3484.56
06.08.2014;118.34;3485.67
07.08.2014;119.84;3467.14
08.08.2014;120.63;3507.21
11.08.2014;120.80;3517.53
12.08.2014;120.47;3511.96
13.08.2014;121.98;3536.42
14.08.2014;124.11;3551.97
15.08.2014;123.16;3552.17
18.08.2014;124.98;3582.70
19.08.2014;125.58;3601.33
20.08.2014;127.35;3610.49
21.08.2014;127.50;3621.23
22.08.2014;127.46;3614.50
25.08.2014;128.33;3631.86
26.08.2014;128.60;3635.71
27.08.2014;128.20;3636.64
28.08.2014;127.11;3630.98
29.08.2014;126.80;3643.34
02.09.2014;125.48;3641.52
03.09.2014;125.94;3639.35
04.09.2014;125.46;3633.87
05.09.2014;124.69;3652.26
08.09.2014;127.98;3641.66
09.09.2014;128.21;3617.89
10.09.2014;128.22;3631.45
11.09.2014;127.64;3635.66
12.09.2014;126.95;3614.06
15.09.2014;126.31;3611.52
16.09.2014;127.32;3638.60
17.09.2014;127.76;3643.40
18.09.2014;128.58;3661.73
19.09.2014;129.35;3660.03
22.09.2014;128.61;3630.70
23.09.2014;127.38;3610.10
24.09.2014;128.58;3638.44
25.09.2014;127.14;3579.61
26.09.2014;128.69;3610.98
29.09.2014;128.77;3602.09
30.09.2014;127.38;3592.25
01.10.2014;124.67;3544.98
02.10.2014;124.17;3545.30
03.10.2014;126.36;3584.94
06.10.2014;126.26;3579.42
07.10.2014;123.32;3525.29
08.10.2014;124.98;3588.07
09.10.2014;122.76;3514.12
10.10.2014;121.50;3474.23
13.10.2014;120.45;3417.01
14.10.2014;122.29;3422.43
15.10.2014;120.19;3395.03
16.10.2014;120.29;3395.64
17.10.2014;123.24;3439.39
20.10.2014;124.31;3470.89
21.10.2014;127.12;3538.90
22.10.2014;121.45;3513.47
23.10.2014;122.03;3556.70
24.10.2014;122.24;3581.82
27.10.2014;122.12;3576.47
28.10.2014;123.61;3619.16
29.10.2014;123.08;3614.53
30.10.2014;123.82;3637.30
31.10.2014;124.91;3679.99
03.11.2014;126.03;3679.58
04.11.2014;125.84;3669.18
05.11.2014;124.22;3691.38
06.11.2014;124.58;3706.45
07.11.2014;124.45;3708.46
10.11.2014;124.64;3720.25
11.11.2014;125.36;3722.84
12.11.2014;125.87;3721.30
13.11.2014;128.53;3723.58
14.11.2014;128.86;3724.92
17.11.2014;128.42;3727.86
18.11.2014;130.66;3747.74
19.11.2014;131.61;3742.35
20.11.2014;131.70;3749.87
21.11.2014;132.78;3770.03
24.11.2014;134.61;3780.88
25.11.2014;134.81;3776.94
26.11.2014;134.78;3788.42
28.11.2014;134.36;3778.96
01.12.2014;132.39;3753.31
02.12.2014;132.28;3777.47
03.12.2014;131.97;3792.69
04.12.2014;131.32;3788.34
05.12.2014;132.21;3794.68
08.12.2014;130.28;3767.70
09.12.2014;129.66;3766.83
10.12.2014;124.64;3705.51
11.12.2014;123.37;3723.32
12.12.2014;120.77;3663.10
15.12.2014;122.08;3639.97
16.12.2014;124.25;3609.06
17.12.2014;125.06;3682.70
18.12.2014;125.67;3771.72
19.12.2014;126.23;3788.97
22.12.2014;128.22;3803.94
23.12.2014;130.03;3810.78
24.12.2014;131.24;3810.39
26.12.2014;131.63;3823.00
29.12.2014;132.29;3826.95
30.12.2014;131.83;3808.69
31.12.2014;129.98;3769.44
02.01.2015;129.95;3768.68
05.01.2015;129.05;3700.03
06.01.2015;127.53;3667.14
07.01.2015;129.51;3710.94
08.01.2015;131.80;3777.40
09.01.2015;131.54;3745.67
12.01.2015;130.87;3715.36
13.01.2015;131.17;3706.15
14.01.2015;130.38;3684.72
15.01.2015;130.14;3650.74
16.01.2015;130.78;3699.79
20.01.2015;131.22;3705.64
21.01.2015;132.41;3723.62
22.01.2015;135.64;3780.51
23.01.2015;134.62;3759.76
26.01.2015;134.07;3769.45
27.01.2015;132.48;3718.99
28.01.2015;139.64;3669.10
29.01.2015;147.78;3704.35
30.01.2015;145.37;3656.28
02.02.2015;146.26;3703.77
03.02.2015;147.34;3757.34
04.02.2015;147.22;3742.84
05.02.2015;148.60;3782.11
06.02.2015;148.00;3770.20
09.02.2015;147.58;3754.36
10.02.2015;148.04;3794.62
11.02.2015;147.92;3795.82
12.02.2015;148.09;3833.35
13.02.2015;149.73;3849.29
17.02.2015;149.92;3856.04
18.02.2015;151.17;3855.00
19.02.2015;153.75;3851.53
20.02.2015;158.31;3875.60
23.02.2015;154.74;3874.46
24.02.2015;154.38;3885.27
25.02.2015;153.01;3882.95
26.02.2015;151.73;3877.85
27.02.2015;150.85;3866.42
02.03.2015;153.80;3890.32
03.03.2015;155.57;3872.71
04.03.2015;154.35;3856.51
05.03.2015;154.47;3861.29
06.03.2015;153.12;3807.04
09.03.2015;154.75;3822.42
10.03.2015;152.42;3757.83
11.03.2015;151.17;3751.20
12.03.2015;152.04;3799.43
13.03.2015;151.57;3776.44
16.03.2015;153.67;3827.62
17.03.2015;154.51;3814.91
18.03.2015;155.73;3861.39
19.03.2015;154.11;3842.62
20.03.2015;154.50;3877.26
23.03.2015;152.81;3870.49
24.03.2015;151.65;3847.05
25.03.2015;148.23;3791.13
26.03.2015;148.17;3782.21
27.03.2015;148.85;3791.90
30.03.2015;152.70;3838.65
31.03.2015;150.08;3805.27
01.04.2015;148.64;3790.66
02.04.2015;149.28;3804.14
06.04.2015;150.93;3829.31
07.04.2015;152.32;3821.49
08.04.2015;153.36;3833.20
09.04.2015;153.42;3850.29
10.04.2015;154.38;3870.31
13.04.2015;153.24;3852.93
14.04.2015;153.21;3859.22
15.04.2015;152.43;3879.10
16.04.2015;151.97;3876.17
17.04.2015;149.60;3832.33
20.04.2015;152.67;3867.82
21.04.2015;153.33;3862.15
22.04.2015;151.19;3881.93
23.04.2015;149.87;3891.46
24.04.2015;148.40;3900.24
27.04.2015;147.80;3884.10
28.04.2015;147.51;3895.21
29.04.2015;146.15;3880.90
30.04.2015;143.34;3841.78
01.05.2015;144.67;3883.75
04.05.2015;144.02;3895.16
05.05.2015;142.91;3849.41
06.05.2015;141.04;3833.70
07.05.2015;141.49;3849.13
08.05.2015;145.46;3901.01
11.05.2015;145.89;3881.93
12.05.2015;145.43;3870.69
13.05.2015;145.62;3870.36
14.05.2015;147.96;3912.52
15.05.2015;146.88;3915.99
18.05.2015;146.71;3928.15
19.05.2015;147.05;3926.41
20.05.2015;146.42;3923.18
21.05.2015;147.35;3932.90
22.05.2015;144.81;3924.16
26.05.2015;142.80;3883.88
27.05.2015;143.00;3920.11
28.05.2015;142.33;3915.82
29.05.2015;140.52;3891.18
01.06.2015;141.25;3899.59
02.06.2015;143.25;3895.85
03.06.2015;143.81;3904.83
04.06.2015;141.19;3871.23
05.06.2015;140.73;3865.83
08.06.2015;140.64;3841.45
09.06.2015;140.10;3843.16
10.06.2015;141.62;3889.70
11.06.2015;142.96;3897.59
12.06.2015;142.80;3870.56
15.06.2015;142.29;3852.75
16.06.2015;142.34;3874.73
17.06.2015;143.43;3882.49
18.06.2015;145.38;3921.43
19.06.2015;145.13;3900.64
22.06.2015;145.70;3924.41
23.06.2015;144.43;3927.23
24.06.2015;143.00;3898.47
25.06.2015;142.45;3887.04
26.06.2015;142.48;3886.21
29.06.2015;138.73;3805.50
30.06.2015;138.72;3815.85
01.07.2015;140.73;3843.26
02.07.2015;140.21;3842.06
06.07.2015;140.52;3827.35
07.07.2015;143.15;3850.66
08.07.2015;141.92;3787.67
09.07.2015;142.80;3796.26
10.07.2015;144.48;3843.10
13.07.2015;146.62;3885.97
14.07.2015;147.75;3903.31
15.07.2015;146.89;3900.50
16.07.2015;148.49;3931.85
17.07.2015;146.84;3936.22
20.07.2015;146.72;3939.35
21.07.2015;145.00;3922.70
22.07.2015;146.47;3913.75
23.07.2015;146.11;3891.79
24.07.2015;144.06;3850.15
27.07.2015;141.03;3827.93
28.07.2015;141.81;3875.37
29.07.2015;144.14;3904.21
30.07.2015;143.01;3904.64
31.07.2015;144.17;3895.80
03.08.2015;143.69;3885.07
04.08.2015;143.54;3876.44
05.08.2015;144.95;3889.99
06.08.2015;143.82;3860.92
07.08.2015;142.42;3849.96
10.08.2015;145.86;3899.36
11.08.2015;144.05;3862.81
12.08.2015;142.43;3867.37
13.08.2015;144.81;3863.03
14.08.2015;145.09;3878.16
17.08.2015;144.44;3899.10
18.08.2015;144.60;3889.60
19.08.2015;142.72;3857.74
20.08.2015;137.02;3776.36
21.08.2015;131.71;3656.67
24.08.2015;127.19;3512.65
25.08.2015;125.49;3465.19
26.08.2015;129.34;3600.73
27.08.2015;131.87;3688.60
28.08.2015;133.24;3691.30
31.08.2015;130.68;3660.75
01.09.2015;127.44;3552.65
02.09.2015;130.63;3618.25
03.09.2015;131.02;3622.66
04.09.2015;129.76;3567.41
08.09.2015;133.82;3657.32
09.09.2015;132.65;3606.80
10.09.2015;133.55;3626.14
11.09.2015;134.67;3643.54
14.09.2015;134.43;3628.87
15.09.2015;136.30;3675.48
16.09.2015;137.20;3707.62
17.09.2015;137.45;3698.74
18.09.2015;136.09;3638.99
21.09.2015;136.02;3655.64
22.09.2015;133.99;3610.70
23.09.2015;131.67;3603.49
24.09.2015;129.75;3591.37
25.09.2015;131.01;3589.71
28.09.2015;128.13;3498.61
29.09.2015;128.75;3503.13
30.09.2015;130.95;3570.17
01.10.2015;130.61;3577.47
02.10.2015;132.56;3629.04
05.10.2015;134.02;3695.61
06.10.2015;134.63;3682.33
07.10.2015;137.02;3713.36
08.10.2015;139.04;3746.12
09.10.2015;139.70;3748.96
12.10.2015;140.68;3753.73
13.10.2015;140.29;3728.48
14.10.2015;134.22;3711.11
15.10.2015;137.39;3766.43
16.10.2015;137.60;3783.64
19.10.2015;138.42;3784.72
20.10.2015;138.88;3779.44
21.10.2015;141.19;3757.91
22.10.2015;146.31;3820.49
23.10.2015;146.70;3862.65
26.10.2015;146.70;3855.29
27.10.2015;148.46;3845.45
28.10.2015;147.88;3891.34
29.10.2015;147.18;3890.04
30.10.2015;148.07;3871.33
02.11.2015;148.40;3917.30
03.11.2015;148.09;3928.05
04.11.2015;148.19;3915.52
05.11.2015;147.97;3911.89
06.11.2015;147.94;3910.98
09.11.2015;145.98;3873.37
10.11.2015;145.15;3880.23
11.11.2015;144.99;3867.71
12.11.2015;142.54;3814.29
13.11.2015;142.59;3771.59
16.11.2015;144.42;3828.46
17.11.2015;146.08;3824.14
18.11.2015;148.28;3886.26
19.11.2015;149.24;3882.06
20.11.2015;149.40;3897.45
23.11.2015;148.34;3892.80
24.11.2015;148.65;3897.67
25.11.2015;147.43;3897.57
27.11.2015;146.95;3900.74
30.11.2015;145.45;3882.84
01.12.2015;147.74;3924.63
02.12.2015;146.96;3882.38
03.12.2015;145.56;3826.74
04.12.2015;148.50;3905.31
07.12.2015;148.45;3878.31
08.12.2015;144.99;3853.48
09.12.2015;144.24;3823.90
10.12.2015;146.41;3832.93
11.12.2015;144.62;3759.09
14.12.2015;143.00;3777.22
15.12.2015;146.53;3817.36
16.12.2015;148.11;3873.12
17.12.2015;145.56;3815.46
18.12.2015;139.58;3747.56
21.12.2015;140.90;3777.15
22.12.2015;142.38;3810.85
23.12.2015;144.06;3858.47
24.12.2015;143.53;3852.31
28.12.2015;144.54;3843.94
29.12.2015;147.35;3885.55
30.12.2015;146.41;3857.90
31.12.2015;144.59;3821.60
04.01.2016;140.50;3763.99
05.01.2016;141.07;3771.57
06.01.2016;138.83;3723.44
07.01.2016;133.01;3635.29
08.01.2016;129.99;3595.91
11.01.2016;130.21;3598.97
12.01.2016;131.92;3627.06
13.01.2016;128.12;3536.92
14.01.2016;129.20;3596.03
15.01.2016;125.63;3518.51
19.01.2016;126.06;3520.40
20.01.2016;122.14;3479.75
21.01.2016;123.40;3497.94
22.01.2016;124.61;3568.90
25.01.2016;124.01;3513.11
26.01.2016;128.01;3562.81
27.01.2016;116.58;3524.33
28.01.2016;118.01;3544.13
29.01.2016;120.13;3631.96
01.02.2016;121.56;3630.46
02.02.2016;117.52;3562.52
03.02.2016;121.87;3581.53
04.02.2016;123.61;3587.71
05.02.2016;122.56;3521.60
08.02.2016;119.47;3472.08
09.02.2016;118.88;3470.50
10.02.2016;116.36;3471.04
11.02.2016;108.44;3428.99
12.02.2016;108.63;3496.28
16.02.2016;112.60;3555.20
17.02.2016;116.34;3614.16
18.02.2016;117.57;3597.49
19.02.2016;115.16;3597.92
22.02.2016;117.39;3649.92
23.02.2016;116.90;3604.68
24.02.2016;115.59;3620.87
25.02.2016;116.82;3662.84
26.02.2016;118.16;3656.42
29.02.2016;118.18;3627.06
01.03.2016;119.96;3713.70
02.03.2016;119.65;3729.59
03.03.2016;119.61;3743.02
04.03.2016;121.07;3755.47
07.03.2016;122.90;3759.05
08.03.2016;122.35;3717.49
09.03.2016;122.86;3736.92
10.03.2016;122.94;3737.74
11.03.2016;124.63;3800.07
14.03.2016;126.34;3795.53
15.03.2016;126.36;3788.62
16.03.2016;127.57;3810.09
17.03.2016;130.70;3835.26
18.03.2016;133.96;3852.15
21.03.2016;135.86;3855.97
22.03.2016;135.12;3853.18
23.03.2016;132.86;3828.58
24.03.2016;132.12;3827.14
28.03.2016;131.29;3829.26
29.03.2016;130.88;3863.80
30.03.2016;128.58;3881.01
31.03.2016;126.94;3873.11
01.04.2016;126.96;3897.66
04.04.2016;126.34;3886.00
05.04.2016;127.03;3846.59
06.04.2016;127.93;3888.41
07.04.2016;127.00;3841.98
08.04.2016;127.88;3852.72
11.04.2016;127.91;3842.17
12.04.2016;129.47;3879.42
13.04.2016;131.14;3918.95
14.04.2016;130.85;3920.03
15.04.2016;131.13;3916.17
18.04.2016;131.97;3941.86
19.04.2016;132.68;3954.01
20.04.2016;130.57;3957.25
21.04.2016;130.74;3936.80
22.04.2016;131.05;3937.00
25.04.2016;130.75;3929.88
26.04.2016;133.24;3937.23
27.04.2016;137.08;3944.02
28.04.2016;134.80;3907.88
29.04.2016;134.80;3888.13
02.05.2016;134.01;3918.53
03.05.2016;132.49;3884.63
04.05.2016;130.89;3862.40
05.05.2016;132.08;3862.40
06.05.2016;133.26;3875.18
09.05.2016;132.10;3878.14
10.05.2016;134.72;3926.63
11.05.2016;133.00;3891.13
12.05.2016;134.42;3890.85
13.05.2016;132.12;3858.17
16.05.2016;134.14;3896.36
17.05.2016;132.56;3860.88
18.05.2016;130.99;3862.25
19.05.2016;128.08;3847.97
20.05.2016;127.39;3871.75
23.05.2016;127.58;3863.82
24.05.2016;127.50;3916.77
25.05.2016;128.86;3944.33
26.05.2016;129.31;3944.05
27.05.2016;129.22;3961.67
31.05.2016;126.15;3957.95
01.06.2016;126.41;3963.10
02.06.2016;126.85;3974.76
03.06.2016;127.38;3963.23
06.06.2016;131.90;3982.74
07.06.2016;131.93;3987.96
08.06.2016;133.00;4001.98
09.06.2016;133.10;3995.28
10.06.2016;131.14;3958.68
13.06.2016;129.92;3927.73
14.06.2016;130.50;3920.93
15.06.2016;130.16;3914.02
16.06.2016;129.37;3926.93
17.06.2016;129.82;3914.15
20.06.2016;132.75;3936.91
21.06.2016;131.52;3947.94
22.06.2016;131.77;3941.45
23.06.2016;133.55;3994.18
24.06.2016;126.52;3850.70
27.06.2016;122.70;3781.02
28.06.2016;123.89;3849.05
29.06.2016;126.99;3915.10
30.06.2016;129.87;3968.21
01.07.2016;129.69;3976.68
05.07.2016;126.97;3949.72
06.07.2016;126.96;3972.26
07.07.2016;127.17;3969.19
08.07.2016;130.09;4029.75
11.07.2016;132.04;4043.49
12.07.2016;130.81;4071.85
13.07.2016;130.11;4072.77
14.07.2016;131.55;4094.28
15.07.2016;132.39;4090.49
18.07.2016;133.43;4100.40
19.07.2016;134.66;4094.61
20.07.2016;134.72;4112.61
21.07.2016;133.53;4097.82
22.07.2016;133.47;4116.50
25.07.2016;132.94;4104.13
26.07.2016;134.85;4105.57
27.07.2016;135.96;4100.81
28.07.2016;133.01;4107.75
29.07.2016;133.66;4114.51
01.08.2016;133.21;4109.28
02.08.2016;131.60;4083.25
03.08.2016;131.87;4097.30
04.08.2016;131.21;4099.21
05.08.2016;131.73;4134.56
08.08.2016;132.19;4131.19
09.08.2016;132.62;4132.96
10.08.2016;132.28;4122.65
11.08.2016;133.00;4142.72
12.08.2016;133.10;4139.63
15.08.2016;134.66;4151.69
16.08.2016;135.00;4129.68
17.08.2016;134.72;4138.42
18.08.2016;135.00;4147.64
19.08.2016;134.44;4142.23
22.08.2016;134.99;4139.97
23.08.2016;134.14;4148.16
24.08.2016;133.29;4126.65
25.08.2016;132.98;4121.09
26.08.2016;132.23;4114.68
29.08.2016;132.90;4136.75
30.08.2016;130.81;4129.34
31.08.2016;129.45;4120.29
01.09.2016;129.90;4120.17
02.09.2016;131.16;4137.70
06.09.2016;132.99;4150.11
07.09.2016;132.64;4150.51
08.09.2016;132.90;4141.46
09.09.2016;128.53;4039.95
12.09.2016;130.12;4099.47
13.09.2016;128.76;4039.92
14.09.2016;127.67;4037.83
15.09.2016;127.77;4079.32
16.09.2016;126.70;4063.97
19.09.2016;127.48;4063.94
20.09.2016;127.79;4065.20
21.09.2016;130.56;4109.63
22.09.2016;131.87;4136.41
23.09.2016;131.78;4112.69
26.09.2016;130.57;4077.71
27.09.2016;131.32;4104.18
28.09.2016;132.23;4126.83
29.09.2016;131.03;4088.47
30.09.2016;131.74;4121.06
03.10.2016;132.38;4108.13
04.10.2016;132.25;4088.17
05.10.2016;134.66;4107.40
06.10.2016;134.42;4109.49
07.10.2016;133.85;4096.25
10.10.2016;135.84;4115.12
11.10.2016;133.74;4063.92
12.10.2016;133.16;4068.92
13.10.2016;133.38;4056.45
14.10.2016;133.50;4057.28
17.10.2016;134.00;4045.07
18.10.2016;135.10;4069.99
19.10.2016;136.18;4079.50
20.10.2016;135.84;4074.18
21.10.2016;135.63;4073.85
24.10.2016;137.45;4093.22
25.10.2016;139.02;4077.80
26.10.2016;145.54;4070.76
27.10.2016;143.31;4058.75
28.10.2016;143.01;4046.36
31.10.2016;142.43;4045.89
01.11.2016;142.41;4018.47
02.11.2016;140.75;3992.76
03.11.2016;140.02;3976.56
04.11.2016;139.54;3970.02
07.11.2016;143.03;4058.30
08.11.2016;142.20;4075.61
09.11.2016;145.09;4121.03
10.11.2016;147.69;4129.46
11.11.2016;148.52;4123.69
14.11.2016;149.99;4123.81
15.11.2016;148.11;4155.62
16.11.2016;146.44;4150.21
17.11.2016;145.33;4169.87
18.11.2016;146.35;4160.58
21.11.2016;147.02;4191.68
22.11.2016;149.52;4200.95
23.11.2016;149.74;4204.49
25.11.2016;150.04;4221.02
28.11.2016;149.77;4199.39
29.11.2016;151.64;4205.99
30.11.2016;150.56;4195.73
01.12.2016;152.39;4181.15
02.12.2016;152.25;4182.81
05.12.2016;152.16;4207.57
06.12.2016;152.24;4222.04
07.12.2016;154.14;4278.44
08.12.2016;155.39;4288.10
09.12.2016;156.49;4313.61
12.12.2016;157.16;4308.94
13.12.2016;156.66;4337.86
14.12.2016;154.47;4302.93
15.12.2016;153.77;4319.84
16.12.2016;154.50;4312.40
19.12.2016;156.18;4321.02
20.12.2016;156.39;4337.36
21.12.2016;157.48;4326.85
22.12.2016;157.46;4319.33
23.12.2016;157.81;4325.17
27.12.2016;157.48;4334.93
28.12.2016;156.10;4299.45
29.12.2016;155.69;4298.39
30.12.2016;155.68;4278.66
03.01.2017;156.97;4315.08
04.01.2017;158.62;4340.75
05.01.2017;158.71;4337.45
06.01.2017;159.10;4354.05
09.01.2017;158.32;4338.62
10.01.2017;159.07;4338.64
11.01.2017;159.40;4351.32
12.01.2017;158.29;4342.09
13.01.2017;158.83;4350.11
17.01.2017;157.67;4337.20
18.01.2017;158.32;4345.57
19.01.2017;159.00;4329.96
20.01.2017;159.53;4344.67
23.01.2017;157.84;4333.10
24.01.2017;160.55;4361.56
25.01.2017;167.36;4396.57
26.01.2017;169.12;4393.43
27.01.2017;167.70;4389.85
30.01.2017;165.57;4363.67
31.01.2017;163.42;4359.81
01.02.2017;163.97;4362.10
02.02.2017;162.26;4364.85
03.02.2017;162.40;4396.95
06.02.2017;163.98;4387.67
07.02.2017;166.50;4388.87
08.02.2017;163.81;4393.31
09.02.2017;164.28;4419.40
10.02.2017;166.23;4435.42
13.02.2017;168.03;4459.83
14.02.2017;168.50;4478.98
15.02.2017;169.30;4501.99
16.02.2017;170.81;4498.56
17.02.2017;172.71;4506.20
21.02.2017;175.56;4533.46
22.02.2017;175.36;4528.97
23.02.2017;176.86;4531.39
24.02.2017;177.44;4539.25
27.02.2017;179.43;4544.51
28.02.2017;180.23;4532.93
01.03.2017;183.91;4595.73
02.03.2017;182.99;4569.17
03.03.2017;182.18;4571.60
06.03.2017;180.93;4556.72
07.03.2017;182.02;4543.75
08.03.2017;181.74;4534.68
09.03.2017;180.57;4538.36
10.03.2017;178.70;4553.28
13.03.2017;179.05;4556.44
14.03.2017;178.73;4541.26
15.03.2017;178.71;4579.44
16.03.2017;178.19;4572.16
17.03.2017;180.10;4566.17
20.03.2017;179.39;4557.12
21.03.2017;175.96;4500.98
22.03.2017;176.98;4509.65
23.03.2017;177.26;4504.92
24.03.2017;175.82;4501.11
27.03.2017;176.10;4496.53
28.03.2017;177.36;4529.17
29.03.2017;177.63;4535.01
30.03.2017;177.98;4548.46
31.03.2017;176.86;4538.21
03.04.2017;176.65;4530.98
04.04.2017;178.70;4534.25
05.04.2017;177.08;4520.86
06.04.2017;177.37;4530.93
07.04.2017;178.85;4527.20
10.04.2017;177.56;4530.57
11.04.2017;178.57;4524.71
12.04.2017;176.05;4507.76
13.04.2017;175.62;4477.07
17.04.2017;179.02;4515.65
18.04.2017;177.85;4502.66
19.04.2017;178.40;4495.56
20.04.2017;179.30;4529.65
21.04.2017;180.38;4515.90
24.04.2017;182.06;4564.93
25.04.2017;183.51;4592.74
26.04.2017;181.71;4590.56
27.04.2017;183.22;4593.57
28.04.2017;184.83;4584.82
01.05.2017;182.39;4592.78
02.05.2017;183.44;4598.24
03.05.2017;183.39;4593.32
04.05.2017;183.07;4596.24
05.05.2017;185.01;4615.09
08.05.2017;186.02;4615.73
09.05.2017;186.91;4611.21
10.05.2017;183.18;4618.19
11.05.2017;183.94;4609.69
12.05.2017;183.25;4602.96
15.05.2017;182.39;4625.51
16.05.2017;182.70;4623.26
17.05.2017;178.78;4540.58
18.05.2017;177.40;4557.41
19.05.2017;180.76;4588.35
22.05.2017;183.67;4612.12
23.05.2017;183.49;4620.70
24.05.2017;185.25;4632.37
25.05.2017;187.07;4653.59
26.05.2017;186.59;4655.65
30.05.2017;186.88;4650.76
31.05.2017;187.63;4649.34
01.06.2017;187.32;4685.11
02.06.2017;190.23;4702.56
05.06.2017;188.95;4697.00
06.06.2017;186.75;4683.96
07.06.2017;188.10;4692.29
08.06.2017;189.93;4693.67
09.06.2017;190.03;4689.79
12.06.2017;190.00;4685.54
13.06.2017;191.09;4707.88
14.06.2017;192.38;4703.53
15.06.2017;195.45;4693.86
16.06.2017;196.44;4695.23
19.06.2017;199.08;4734.48
20.06.2017;198.33;4702.82
21.06.2017;199.17;4700.50
22.06.2017;199.44;4698.40
23.06.2017;202.23;4705.73
26.06.2017;199.98;4707.27
27.06.2017;198.89;4669.27
28.06.2017;199.62;4711.33
29.06.2017;197.46;4670.96
30.06.2017;197.75;4678.36
03.07.2017;198.59;4689.61
05.07.2017;201.81;4697.34
06.07.2017;201.48;4655.02
07.07.2017;202.37;4684.88
10.07.2017;203.96;4689.25
11.07.2017;206.27;4685.64
12.07.2017;206.44;4720.28
13.07.2017;206.23;4729.25
14.07.2017;208.51;4751.43
17.07.2017;209.00;4751.33
18.07.2017;208.24;4754.27
19.07.2017;210.88;4780.25
20.07.2017;210.28;4779.84
21.07.2017;212.14;4778.07
24.07.2017;212.18;4773.10
25.07.2017;212.46;4787.04
26.07.2017;233.45;4788.41
27.07.2017;241.00;4784.26
28.07.2017;241.27;4778.02
31.07.2017;242.46;4774.56
01.08.2017;239.44;4786.27
02.08.2017;237.95;4789.54
03.08.2017;238.25;4779.99
04.08.2017;237.71;4789.11
07.08.2017;240.23;4797.13
08.08.2017;239.50;4786.12
09.08.2017;234.31;4784.94
10.08.2017;232.88;4717.40
11.08.2017;234.88;4723.73
14.08.2017;237.15;4771.43
15.08.2017;239.17;4770.15
16.08.2017;237.59;4778.28
17.08.2017;235.59;4704.73
18.08.2017;235.77;4696.22
21.08.2017;235.68;4701.82
22.08.2017;239.75;4748.73
23.08.2017;238.09;4732.76
24.08.2017;238.74;4723.03
25.08.2017;235.89;4731.46
28.08.2017;237.18;4733.97
29.08.2017;240.49;4738.62
30.08.2017;240.46;4761.72
31.08.2017;239.66;4789.18
01.09.2017;240.33;4798.99
05.09.2017;237.00;4762.75
06.09.2017;234.62;4777.69
07.09.2017;236.31;4777.93
08.09.2017;238.78;4771.02
11.09.2017;240.59;4822.80
12.09.2017;240.58;4839.31
13.09.2017;241.93;4843.04
14.09.2017;245.23;4839.29
15.09.2017;249.00;4848.84
18.09.2017;253.08;4856.08
19.09.2017;252.46;4861.52
20.09.2017;255.46;4864.61
21.09.2017;256.04;4849.95
22.09.2017;256.45;4853.20
25.09.2017;254.32;4842.41
26.09.2017;253.70;4843.14
27.09.2017;255.28;4862.93
28.09.2017;254.27;4869.81
29.09.2017;254.21;4887.97
02.10.2017;255.99;4906.92
03.10.2017;255.46;4917.73
04.10.2017;255.76;4924.19
05.10.2017;258.89;4952.85
06.10.2017;258.58;4949.09
09.10.2017;258.39;4940.16
10.10.2017;260.93;4951.77
11.10.2017;261.44;4960.79
12.10.2017;261.91;4952.85
13.10.2017;260.74;4957.27
16.10.2017;259.75;4966.05
17.10.2017;258.62;4969.38
18.10.2017;260.04;4973.28
19.10.2017;259.04;4975.32
20.10.2017;264.75;5001.11
23.10.2017;262.32;4981.37
24.10.2017;266.00;4989.56
25.10.2017;258.42;4966.29
26.10.2017;259.27;4972.60
27.10.2017;256.46;5012.75
30.10.2017;259.25;4997.15
31.10.2017;257.98;5002.03
01.11.2017;258.50;5009.99
02.11.2017;262.63;5011.48
03.11.2017;261.75;5027.49
06.11.2017;264.07;5034.30
07.11.2017;266.13;5033.38
08.11.2017;265.57;5040.74
09.11.2017;262.70;5023.01
10.11.2017;260.85;5020.31
13.11.2017;262.42;5025.36
14.11.2017;261.76;5014.53
15.11.2017;262.86;4987.96
16.11.2017;263.70;5030.48
17.11.2017;262.26;5017.45
20.11.2017;264.63;5024.01
21.11.2017;266.99;5056.95
22.11.2017;265.15;5053.60
24.11.2017;265.88;5064.23
27.11.2017;265.58;5062.85
28.11.2017;267.99;5112.91
29.11.2017;269.30;5111.68
30.11.2017;276.80;5155.44
01.12.2017;271.38;5145.21
04.12.2017;277.97;5139.91
05.12.2017;275.54;5120.92
06.12.2017;278.27;5120.46
07.12.2017;281.97;5136.37
08.12.2017;285.90;5165.19
11.12.2017;283.16;5181.75
12.12.2017;289.94;5189.96
13.12.2017;291.84;5187.68
14.12.2017;293.88;5167.45
15.12.2017;293.94;5214.10
18.12.2017;296.14;5242.28
19.12.2017;297.25;5225.43
20.12.2017;297.90;5221.79
21.12.2017;295.03;5232.16
22.12.2017;295.10;5229.79
26.12.2017;295.36;5224.51
27.12.2017;295.62;5229.01
28.12.2017;296.35;5239.59
29.12.2017;294.91;5212.76
02.01.2018;296.84;5256.28
03.01.2018;297.80;5289.92
04.01.2018;296.67;5312.33
05.01.2018;308.84;5349.69
08.01.2018;310.15;5358.68
09.01.2018;318.43;5367.26
10.01.2018;320.26;5361.33
11.01.2018;328.12;5399.46
12.01.2018;336.21;5435.92
16.01.2018;335.16;5416.86
17.01.2018;351.01;5467.85
18.01.2018;340.16;5459.50
19.01.2018;337.73;5483.57
22.01.2018;338.00;5527.89
23.01.2018;335.59;5540.13
24.01.2018;334.69;5537.03
25.01.2018;343.11;5540.38
26.01.2018;343.22;5606.08
29.01.2018;340.82;5568.67
30.01.2018;337.71;5508.36
31.01.2018;354.37;5511.21
01.02.2018;356.94;5508.70
02.02.2018;348.91;5392.21
05.02.2018;328.88;5171.26
06.02.2018;340.91;5262.02
07.02.2018;348.12;5235.84
08.02.2018;329.66;5040.06
09.02.2018;332.83;5116.99
12.02.2018;343.80;5188.37
13.02.2018;343.16;5202.22
14.02.2018;344.85;5273.43
15.02.2018;356.46;5338.35
16.02.2018;355.04;5340.82
20.02.2018;353.35;5309.99
21.02.2018;352.37;5280.91
22.02.2018;355.92;5286.50
23.02.2018;356.66;5371.56
26.02.2018;363.48;5435.38
27.02.2018;364.64;5367.09
28.02.2018;362.21;5308.09
01.03.2018;349.69;5238.18
02.03.2018;344.67;5265.24
05.03.2018;352.75;5323.36
06.03.2018;348.92;5337.69
07.03.2018;347.04;5335.47
08.03.2018;348.73;5360.73
09.03.2018;354.52;5454.03
12.03.2018;344.19;5447.10
13.03.2018;338.67;5412.75
14.03.2018;330.26;5383.27
15.03.2018;329.98;5379.39
16.03.2018;330.47;5388.74
19.03.2018;331.76;5312.23
20.03.2018;337.63;5320.20
21.03.2018;337.10;5310.96
22.03.2018;319.61;5177.52
23.03.2018;321.00;5069.03
26.03.2018;328.97;5206.69
27.03.2018;321.12;5116.75
28.03.2018;320.02;5102.69
29.03.2018;327.88;5173.19
02.04.2018;322.44;5057.69
03.04.2018;330.82;5121.70
04.04.2018;327.44;5181.31
05.04.2018;336.40;5217.62
06.04.2018;326.12;5103.35
09.04.2018;322.48;5121.90
10.04.2018;334.83;5207.73
11.04.2018;327.36;5179.19
12.04.2018;337.48;5222.55
13.04.2018;329.28;5207.57
16.04.2018;331.77;5249.94
17.04.2018;336.72;5305.90
18.04.2018;341.00;5310.32
19.04.2018;340.64;5280.57
20.04.2018;338.67;5235.75
23.04.2018;338.84;5236.04
24.04.2018;329.06;5166.10
25.04.2018;342.86;5175.59
26.04.2018;342.79;5229.61
27.04.2018;340.88;5235.73
30.04.2018;333.56;5193.04
01.05.2018;329.54;5206.31
02.05.2018;324.19;5168.79
03.05.2018;330.69;5157.70
04.05.2018;334.43;5224.71
07.05.2018;340.43;5242.87
08.05.2018;338.37;5241.53
09.05.2018;344.50;5292.90
10.05.2018;344.07;5343.70
11.05.2018;342.46;5354.69
14.05.2018;344.59;5359.66
15.05.2018;342.12;5323.23
16.05.2018;340.97;5346.33
17.05.2018;344.14;5343.29
18.05.2018;351.23;5329.66
21.05.2018;363.92;5369.19
22.05.2018;355.02;5352.45
23.05.2018;359.21;5369.99
24.05.2018;359.00;5359.32
25.05.2018;360.09;5347.31
29.05.2018;352.48;5285.70
30.05.2018;358.19;5353.76
31.05.2018;352.16;5318.10
01.06.2018;356.72;5376.29
04.06.2018;360.73;5400.50
05.06.2018;360.10;5404.62
06.06.2018;371.56;5451.09
07.06.2018;368.53;5448.18
08.06.2018;369.50;5465.42
11.06.2018;370.94;5471.29
12.06.2018;370.62;5481.07
13.06.2018;363.85;5459.21
14.06.2018;362.42;5474.37
15.06.2018;357.88;5469.37
18.06.2018;354.74;5457.83
19.06.2018;341.12;5436.13
20.06.2018;342.69;5445.43
21.06.2018;337.66;5411.40
22.06.2018;338.91;5421.63
25.06.2018;331.20;5347.23
26.06.2018;331.30;5359.01
27.06.2018;329.82;5312.89
28.06.2018;334.65;5346.44
29.06.2018;335.51;5350.83
02.07.2018;336.08;5367.49
03.07.2018;332.93;5340.93
05.07.2018;333.18;5388.28
06.07.2018;334.64;5434.36
09.07.2018;341.92;5483.89
10.07.2018;347.16;5503.05
11.07.2018;340.60;5464.01
12.07.2018;346.03;5512.36
13.07.2018;350.79;5518.33
16.07.2018;356.10;5512.92
17.07.2018;356.88;5534.91
18.07.2018;360.23;5546.86
19.07.2018;355.33;5525.51
20.07.2018;354.90;5520.50
23.07.2018;353.27;5530.66
24.07.2018;358.27;5557.37
25.07.2018;355.92;5607.99
26.07.2018;359.32;5590.99
27.07.2018;360.65;5554.31
30.07.2018;351.06;5522.81
31.07.2018;356.30;5549.96
01.08.2018;352.76;5544.19
02.08.2018;349.73;5572.08
03.08.2018;348.44;5598.71
06.08.2018;346.57;5619.05
07.08.2018;350.76;5634.98
08.08.2018;347.78;5633.67
09.08.2018;343.72;5627.00
10.08.2018;339.41;5588.66
13.08.2018;338.36;5566.36
14.08.2018;339.14;5602.41
15.08.2018;331.76;5560.85
16.08.2018;345.98;5606.56
17.08.2018;346.40;5625.66
20.08.2018;350.74;5639.53
21.08.2018;353.77;5651.39
22.08.2018;350.03;5649.31
23.08.2018;347.48;5640.10
24.08.2018;349.38;5675.12
27.08.2018;353.74;5719.30
28.08.2018;351.21;5720.89
29.08.2018;350.19;5754.00
30.08.2018;346.90;5729.45
31.08.2018;342.79;5730.80
04.09.2018;346.25;5721.86
05.09.2018;346.68;5705.86
06.09.2018;351.27;5686.70
07.09.2018;349.28;5674.58
10.09.2018;341.86;5685.34
11.09.2018;345.25;5706.99
12.09.2018;353.41;5709.08
13.09.2018;355.46;5740.75
14.09.2018;359.80;5743.19
17.09.2018;355.96;5711.29
18.09.2018;363.58;5742.18
19.09.2018;365.22;5749.39
20.09.2018;367.46;5794.72
21.09.2018;372.23;5792.72
24.09.2018;367.99;5772.36
25.09.2018;367.23;5765.25
26.09.2018;365.03;5746.27
27.09.2018;367.39;5763.22
28.09.2018;371.90;5763.42
01.10.2018;382.29;5784.45
02.10.2018;386.37;5782.37
03.10.2018;392.30;5786.48
04.10.2018;389.99;5740.56
05.10.2018;386.47;5708.90
08.10.2018;385.77;5706.66
09.10.2018;385.44;5700.23
10.10.2018;367.47;5512.94
11.10.2018;358.11;5399.54
12.10.2018;360.11;5476.83
15.10.2018;358.88;5444.61
16.10.2018;368.25;5561.80
17.10.2018;365.50;5560.62
18.10.2018;359.35;5481.13
19.10.2018;356.26;5479.30
22.10.2018;355.98;5455.88
23.10.2018;350.05;5426.08
24.10.2018;354.65;5258.61
25.10.2018;363.77;5356.54
26.10.2018;359.27;5263.74
29.10.2018;335.59;5229.28
30.10.2018;349.91;5311.67
31.10.2018;354.86;5369.49
01.11.2018;363.07;5426.33
02.11.2018;357.75;5392.53
05.11.2018;361.98;5422.88
06.11.2018;366.47;5457.25
07.11.2018;372.02;5573.06
08.11.2018;370.77;5562.00
09.11.2018;369.34;5511.79
12.11.2018;357.03;5403.19
13.11.2018;349.51;5395.37
14.11.2018;344.72;5355.94
15.11.2018;341.57;5414.43
16.11.2018;335.95;5426.86
19.11.2018;320.94;5336.70
20.11.2018;317.70;5240.23
21.11.2018;317.32;5256.61
23.11.2018;312.32;5222.43
26.11.2018;316.36;5304.17
27.11.2018;318.03;5321.52
28.11.2018;333.50;5444.12
29.11.2018;342.56;5433.49
30.11.2018;346.76;5478.91
